
********************************* products  *********************************************
INSERT INTO `products` (`sku`, `name`, `img`, `price`, `paypal`) VALUES(101, 'Printed Shirt, Mixed', 'img/shirts/shirt-101.jpg', 18.00, '9P7DLECFD4LKE');
INSERT INTO `products` (`sku`, `name`, `img`, `price`, `paypal`) VALUES(102, 'Printed PHP, Light Grey', 'img/shirts/shirt-102.jpg', 20.00, 'SXKPTHN2EES3J');
INSERT INTO `products` (`sku`, `name`, `img`, `price`, `paypal`) VALUES(103, 'Floral Print, Mixed Color', 'img/shirts/shirt-103.jpg', 20.00, '7T8LK5WXT5Q9J');
INSERT INTO `products` (`sku`, `name`, `img`, `price`, `paypal`) VALUES(104, 'Minnesota Vikings, Dark Blue', 'img/shirts/shirt-104.jpg', 18.00, 'YKVL5F87E8PCS');
INSERT INTO `products` (`sku`, `name`, `img`, `price`, `paypal`) VALUES(105, 'Printed Frog Shirt, Yellow', 'img/shirts/shirt-105.jpg', 25.00, '4CLP2SCVYM288');
INSERT INTO `products` (`sku`, `name`, `img`, `price`, `paypal`) VALUES(106, 'Floral Print, Black', 'img/shirts/shirt-106.jpg', 20.00, 'TNAZ2RGYYJ396');
INSERT INTO `products` (`sku`, `name`, `img`, `price`, `paypal`) VALUES(107, 'Printed CSS Shirt, Purple', 'img/shirts/shirt-107.jpg', 20.00, 'S5FMPJN6Y2C32');
INSERT INTO `products` (`sku`, `name`, `img`, `price`, `paypal`) VALUES(108, 'Printed RBG, Black', 'img/shirts/shirt-108.jpg', 25.00, 'JMFK7P7VEHS44');
INSERT INTO `products` (`sku`, `name`, `img`, `price`, `paypal`) VALUES(109, 'Dragon Print, Cream', 'img/shirts/shirt-109.jpg', 20.00, 'B5DAJHWHDA4RC');
INSERT INTO `products` (`sku`, `name`, `img`, `price`, `paypal`) VALUES(110, 'HTML5 Shirt, Orange', 'img/shirts/shirt-110.jpg', 22.00, '6T2LVA8EDZR8L');
INSERT INTO `products` (`sku`, `name`, `img`, `price`, `paypal`) VALUES(111, 'CSS3 Shirt, Gray', 'img/shirts/shirt-111.jpg', 22.00, 'MA2WQGE2KCWDS');
INSERT INTO `products` (`sku`, `name`, `img`, `price`, `paypal`) VALUES(112, 'HTML5 Shirt, Blue', 'img/shirts/shirt-112.jpg', 22.00, 'FWR955VF5PALA');
INSERT INTO `products` (`sku`, `name`, `img`, `price`, `paypal`) VALUES(113, 'CSS3 Shirt, Dark Gray', 'img/shirts/shirt-113.jpg', 22.00, '4ELH2M2FW7272');
INSERT INTO `products` (`sku`, `name`, `img`, `price`, `paypal`) VALUES(114, 'Printed PHP Shirt, Yellow', 'img/shirts/shirt-114.jpg', 24.00, 'AT3XQ3ZVP2DZG');
INSERT INTO `products` (`sku`, `name`, `img`, `price`, `paypal`) VALUES(115, 'Printed PHP Shirt, Purple', 'img/shirts/shirt-115.jpg', 24.00, 'LYESEKV9JWE3A');
INSERT INTO `products` (`sku`, `name`, `img`, `price`, `paypal`) VALUES(116, 'Printed PHP Shirt, Green', 'img/shirts/shirt-116.jpg', 24.00, 'KT7MRRJUXZR34');
INSERT INTO `products` (`sku`, `name`, `img`, `price`, `paypal`) VALUES(117, 'Printed Get Coding Shirt, Brown', 'img/shirts/shirt-117.jpg', 20.00, '5UXJG8PXRXFKE');
INSERT INTO `products` (`sku`, `name`, `img`, `price`, `paypal`) VALUES(118, 'Printed Get Coding Shirt,Purple', 'img/shirts/shirt-118.jpg', 25.00, 'KHP8PYPDZZFTA');
INSERT INTO `products` (`sku`, `name`, `img`, `price`, `paypal`) VALUES(119, 'Printed CSS3 Shirt, Purple', 'img/shirts/shirt-119.jpg', 22.00, 'BFJRFE24L93NW');
INSERT INTO `products` (`sku`, `name`, `img`, `price`, `paypal`) VALUES(120, 'Printed HTML5 Shirt, Red', 'img/shirts/shirt-120.jpg', 22.00, 'RUVJSBR9FXXWQ');
INSERT INTO `products` (`sku`, `name`, `img`, `price`, `paypal`) VALUES(121, 'Printed Eiffel Tower, Blue', 'img/shirts/shirt-121.jpg', 20.00, 'PGN6ULGFZTXL4');
INSERT INTO `products` (`sku`, `name`, `img`, `price`, `paypal`) VALUES(122, 'Printed The Beatles, Black', 'img/shirts/shirt-122.jpg', 24.00, 'PYR4QH97W2TSJ');
INSERT INTO `products` (`sku`, `name`, `img`, `price`, `paypal`) VALUES(123, 'Printed Doctype, Green', 'img/shirts/shirt-123.jpg', 25.00, 'STDAUJJTSPT54');
INSERT INTO `products` (`sku`, `name`, `img`, `price`, `paypal`) VALUES(124, 'Printed PHP Shirt, Yellow', 'img/shirts/shirt-124.jpg', 20.00, '2R2U74KWU5RXG');
INSERT INTO `products` (`sku`, `name`, `img`, `price`, `paypal`) VALUES(125, 'Printed Girl,Yellow', 'img/shirts/shirt-125.jpg', 22.00, 'GJG7F8EW3XFAS');
INSERT INTO `products` (`sku`, `name`, `img`, `price`, `paypal`) VALUES(126, 'Girl in Hangover Shirt, White', 'img/shirts/shirt-126.jpg', 25.00, 'QW2LFRYGU7L4Q');
INSERT INTO `products` (`sku`, `name`, `img`, `price`, `paypal`) VALUES(127, 'Born to Dance Shirt, White', 'img/shirts/shirt-127.jpg', 20.00, 'GFV6QVRMJU7F8');
INSERT INTO `products` (`sku`, `name`, `img`, `price`, `paypal`) VALUES(128, 'Mini Coupe, Grey', 'img/shirts/shirt-128.jpg', 25.00, 'BARQMHMB565PN');
INSERT INTO `products` (`sku`, `name`, `img`, `price`, `paypal`) VALUES(129, 'Get Coding Shirt, Grey', 'img/shirts/shirt-129.jpg', 20.00, 'DH9GXABU3P8GS');
INSERT INTO `products` (`sku`, `name`, `img`, `price`, `paypal`) VALUES(130, 'Printed Frog Shirt, Purple', 'img/shirts/shirt-130.jpg', 22.00, '4LZ3EUVCBENE4');
INSERT INTO `products` (`sku`, `name`, `img`, `price`, `paypal`) VALUES(131, 'Printed HTML5, Teal', 'img/shirts/shirt-131.jpg', 20.00, '7BNDYJBKWD364');
INSERT INTO `products` (`sku`, `name`, `img`, `price`, `paypal`) VALUES(132, 'Mike the Frog Shirt, Red', 'img/shirts/shirt-132.jpg', 25.00, 'Y6EQRE445MYYW');

********************************** sizes  ****************************************************************

INSERT INTO `sizes` (`id`, `size`, `order`) VALUES(1, 'Small', 10);
INSERT INTO `sizes` (`id`, `size`, `order`) VALUES(2, 'Medium', 20);
INSERT INTO `sizes` (`id`, `size`, `order`) VALUES(3, 'Large', 30);
INSERT INTO `sizes` (`id`, `size`, `order`) VALUES(4, 'X-Large', 40);

*****************************  product_sizes *****************************************

INSERT INTO `products_sizes` (`product_sku`, `size_id`) VALUES(101, 1);
INSERT INTO `products_sizes` (`product_sku`, `size_id`) VALUES(101, 2);
INSERT INTO `products_sizes` (`product_sku`, `size_id`) VALUES(101, 3);
INSERT INTO `products_sizes` (`product_sku`, `size_id`) VALUES(101, 4);
INSERT INTO `products_sizes` (`product_sku`, `size_id`) VALUES(102, 1);
INSERT INTO `products_sizes` (`product_sku`, `size_id`) VALUES(102, 2);
INSERT INTO `products_sizes` (`product_sku`, `size_id`) VALUES(102, 3);
INSERT INTO `products_sizes` (`product_sku`, `size_id`) VALUES(102, 4);
INSERT INTO `products_sizes` (`product_sku`, `size_id`) VALUES(103, 1);
INSERT INTO `products_sizes` (`product_sku`, `size_id`) VALUES(103, 2);
INSERT INTO `products_sizes` (`product_sku`, `size_id`) VALUES(103, 3);
INSERT INTO `products_sizes` (`product_sku`, `size_id`) VALUES(103, 4);
INSERT INTO `products_sizes` (`product_sku`, `size_id`) VALUES(104, 1);
INSERT INTO `products_sizes` (`product_sku`, `size_id`) VALUES(104, 2);
INSERT INTO `products_sizes` (`product_sku`, `size_id`) VALUES(104, 3);
INSERT INTO `products_sizes` (`product_sku`, `size_id`) VALUES(104, 4);
INSERT INTO `products_sizes` (`product_sku`, `size_id`) VALUES(105, 1);
INSERT INTO `products_sizes` (`product_sku`, `size_id`) VALUES(105, 2);
INSERT INTO `products_sizes` (`product_sku`, `size_id`) VALUES(105, 3);
INSERT INTO `products_sizes` (`product_sku`, `size_id`) VALUES(105, 4);
INSERT INTO `products_sizes` (`product_sku`, `size_id`) VALUES(106, 1);
INSERT INTO `products_sizes` (`product_sku`, `size_id`) VALUES(106, 2);
INSERT INTO `products_sizes` (`product_sku`, `size_id`) VALUES(106, 3);
INSERT INTO `products_sizes` (`product_sku`, `size_id`) VALUES(106, 4);
INSERT INTO `products_sizes` (`product_sku`, `size_id`) VALUES(107, 1);
INSERT INTO `products_sizes` (`product_sku`, `size_id`) VALUES(107, 2);
INSERT INTO `products_sizes` (`product_sku`, `size_id`) VALUES(107, 3);
INSERT INTO `products_sizes` (`product_sku`, `size_id`) VALUES(107, 4);
INSERT INTO `products_sizes` (`product_sku`, `size_id`) VALUES(108, 1);
INSERT INTO `products_sizes` (`product_sku`, `size_id`) VALUES(108, 2);
INSERT INTO `products_sizes` (`product_sku`, `size_id`) VALUES(108, 3);
INSERT INTO `products_sizes` (`product_sku`, `size_id`) VALUES(108, 4);
INSERT INTO `products_sizes` (`product_sku`, `size_id`) VALUES(109, 1);
INSERT INTO `products_sizes` (`product_sku`, `size_id`) VALUES(109, 2);
INSERT INTO `products_sizes` (`product_sku`, `size_id`) VALUES(109, 3);
INSERT INTO `products_sizes` (`product_sku`, `size_id`) VALUES(109, 4);
INSERT INTO `products_sizes` (`product_sku`, `size_id`) VALUES(110, 1);
INSERT INTO `products_sizes` (`product_sku`, `size_id`) VALUES(110, 2);
INSERT INTO `products_sizes` (`product_sku`, `size_id`) VALUES(110, 3);
INSERT INTO `products_sizes` (`product_sku`, `size_id`) VALUES(110, 4);
INSERT INTO `products_sizes` (`product_sku`, `size_id`) VALUES(111, 1);
INSERT INTO `products_sizes` (`product_sku`, `size_id`) VALUES(111, 2);
INSERT INTO `products_sizes` (`product_sku`, `size_id`) VALUES(111, 3);
INSERT INTO `products_sizes` (`product_sku`, `size_id`) VALUES(111, 4);
INSERT INTO `products_sizes` (`product_sku`, `size_id`) VALUES(112, 1);
INSERT INTO `products_sizes` (`product_sku`, `size_id`) VALUES(112, 2);
INSERT INTO `products_sizes` (`product_sku`, `size_id`) VALUES(112, 3);
INSERT INTO `products_sizes` (`product_sku`, `size_id`) VALUES(112, 4);
INSERT INTO `products_sizes` (`product_sku`, `size_id`) VALUES(113, 1);
INSERT INTO `products_sizes` (`product_sku`, `size_id`) VALUES(113, 2);
INSERT INTO `products_sizes` (`product_sku`, `size_id`) VALUES(113, 3);
INSERT INTO `products_sizes` (`product_sku`, `size_id`) VALUES(113, 4);
INSERT INTO `products_sizes` (`product_sku`, `size_id`) VALUES(114, 1);
INSERT INTO `products_sizes` (`product_sku`, `size_id`) VALUES(114, 2);
INSERT INTO `products_sizes` (`product_sku`, `size_id`) VALUES(114, 3);
INSERT INTO `products_sizes` (`product_sku`, `size_id`) VALUES(114, 4);
INSERT INTO `products_sizes` (`product_sku`, `size_id`) VALUES(115, 1);
INSERT INTO `products_sizes` (`product_sku`, `size_id`) VALUES(115, 2);
INSERT INTO `products_sizes` (`product_sku`, `size_id`) VALUES(115, 3);
INSERT INTO `products_sizes` (`product_sku`, `size_id`) VALUES(115, 4);
INSERT INTO `products_sizes` (`product_sku`, `size_id`) VALUES(116, 1);
INSERT INTO `products_sizes` (`product_sku`, `size_id`) VALUES(116, 2);
INSERT INTO `products_sizes` (`product_sku`, `size_id`) VALUES(116, 3);
INSERT INTO `products_sizes` (`product_sku`, `size_id`) VALUES(116, 4);
INSERT INTO `products_sizes` (`product_sku`, `size_id`) VALUES(117, 1);
INSERT INTO `products_sizes` (`product_sku`, `size_id`) VALUES(117, 2);
INSERT INTO `products_sizes` (`product_sku`, `size_id`) VALUES(117, 3);
INSERT INTO `products_sizes` (`product_sku`, `size_id`) VALUES(117, 4);
INSERT INTO `products_sizes` (`product_sku`, `size_id`) VALUES(118, 1);
INSERT INTO `products_sizes` (`product_sku`, `size_id`) VALUES(118, 2);
INSERT INTO `products_sizes` (`product_sku`, `size_id`) VALUES(118, 3);
INSERT INTO `products_sizes` (`product_sku`, `size_id`) VALUES(118, 4);
INSERT INTO `products_sizes` (`product_sku`, `size_id`) VALUES(119, 1);
INSERT INTO `products_sizes` (`product_sku`, `size_id`) VALUES(119, 2);
INSERT INTO `products_sizes` (`product_sku`, `size_id`) VALUES(119, 3);
INSERT INTO `products_sizes` (`product_sku`, `size_id`) VALUES(119, 4);
INSERT INTO `products_sizes` (`product_sku`, `size_id`) VALUES(120, 1);
INSERT INTO `products_sizes` (`product_sku`, `size_id`) VALUES(120, 2);
INSERT INTO `products_sizes` (`product_sku`, `size_id`) VALUES(120, 3);
INSERT INTO `products_sizes` (`product_sku`, `size_id`) VALUES(120, 4);
INSERT INTO `products_sizes` (`product_sku`, `size_id`) VALUES(121, 1);
INSERT INTO `products_sizes` (`product_sku`, `size_id`) VALUES(121, 2);
INSERT INTO `products_sizes` (`product_sku`, `size_id`) VALUES(121, 3);
INSERT INTO `products_sizes` (`product_sku`, `size_id`) VALUES(121, 4);
INSERT INTO `products_sizes` (`product_sku`, `size_id`) VALUES(122, 1);
INSERT INTO `products_sizes` (`product_sku`, `size_id`) VALUES(122, 2);
INSERT INTO `products_sizes` (`product_sku`, `size_id`) VALUES(122, 3);
INSERT INTO `products_sizes` (`product_sku`, `size_id`) VALUES(122, 4);
INSERT INTO `products_sizes` (`product_sku`, `size_id`) VALUES(123, 1);
INSERT INTO `products_sizes` (`product_sku`, `size_id`) VALUES(123, 2);
INSERT INTO `products_sizes` (`product_sku`, `size_id`) VALUES(123, 3);
INSERT INTO `products_sizes` (`product_sku`, `size_id`) VALUES(123, 4);
INSERT INTO `products_sizes` (`product_sku`, `size_id`) VALUES(124, 1);
INSERT INTO `products_sizes` (`product_sku`, `size_id`) VALUES(124, 2);
INSERT INTO `products_sizes` (`product_sku`, `size_id`) VALUES(124, 3);
INSERT INTO `products_sizes` (`product_sku`, `size_id`) VALUES(124, 4);
INSERT INTO `products_sizes` (`product_sku`, `size_id`) VALUES(125, 1);
INSERT INTO `products_sizes` (`product_sku`, `size_id`) VALUES(125, 2);
INSERT INTO `products_sizes` (`product_sku`, `size_id`) VALUES(125, 3);
INSERT INTO `products_sizes` (`product_sku`, `size_id`) VALUES(125, 4);
INSERT INTO `products_sizes` (`product_sku`, `size_id`) VALUES(126, 1);
INSERT INTO `products_sizes` (`product_sku`, `size_id`) VALUES(126, 2);
INSERT INTO `products_sizes` (`product_sku`, `size_id`) VALUES(126, 3);
INSERT INTO `products_sizes` (`product_sku`, `size_id`) VALUES(126, 4);
INSERT INTO `products_sizes` (`product_sku`, `size_id`) VALUES(127, 1);
INSERT INTO `products_sizes` (`product_sku`, `size_id`) VALUES(127, 2);
INSERT INTO `products_sizes` (`product_sku`, `size_id`) VALUES(127, 3);
INSERT INTO `products_sizes` (`product_sku`, `size_id`) VALUES(127, 4);
INSERT INTO `products_sizes` (`product_sku`, `size_id`) VALUES(128, 1);
INSERT INTO `products_sizes` (`product_sku`, `size_id`) VALUES(128, 2);
INSERT INTO `products_sizes` (`product_sku`, `size_id`) VALUES(128, 3);
INSERT INTO `products_sizes` (`product_sku`, `size_id`) VALUES(128, 4);
INSERT INTO `products_sizes` (`product_sku`, `size_id`) VALUES(129, 1);
INSERT INTO `products_sizes` (`product_sku`, `size_id`) VALUES(129, 2);
INSERT INTO `products_sizes` (`product_sku`, `size_id`) VALUES(129, 3);
INSERT INTO `products_sizes` (`product_sku`, `size_id`) VALUES(129, 4);
INSERT INTO `products_sizes` (`product_sku`, `size_id`) VALUES(130, 1);
INSERT INTO `products_sizes` (`product_sku`, `size_id`) VALUES(130, 2);
INSERT INTO `products_sizes` (`product_sku`, `size_id`) VALUES(130, 3);
INSERT INTO `products_sizes` (`product_sku`, `size_id`) VALUES(130, 4);
INSERT INTO `products_sizes` (`product_sku`, `size_id`) VALUES(131, 1);
INSERT INTO `products_sizes` (`product_sku`, `size_id`) VALUES(131, 2);
INSERT INTO `products_sizes` (`product_sku`, `size_id`) VALUES(131, 3);
INSERT INTO `products_sizes` (`product_sku`, `size_id`) VALUES(131, 4);
INSERT INTO `products_sizes` (`product_sku`, `size_id`) VALUES(132, 1);
INSERT INTO `products_sizes` (`product_sku`, `size_id`) VALUES(132, 2);
INSERT INTO `products_sizes` (`product_sku`, `size_id`) VALUES(132, 3);
INSERT INTO `products_sizes` (`product_sku`, `size_id`) VALUES(132, 4);

*************************************inventory ************************************************
INSERT INTO inventory (sku,size_id,quantity) values 	(101	,	1	,	100	);
INSERT INTO inventory (sku,size_id,quantity) values 	(101	,	4	,	101	);
INSERT INTO inventory (sku,size_id,quantity) values 	(101	,	3	,	102	);
INSERT INTO inventory (sku,size_id,quantity) values 	(101	,	2	,	103	);
INSERT INTO inventory (sku,size_id,quantity) values 	(102	,	1	,	95	);
INSERT INTO inventory (sku,size_id,quantity) values 	(102	,	2	,	96	);
INSERT INTO inventory (sku,size_id,quantity) values 	(102	,	4	,	97	);
INSERT INTO inventory (sku,size_id,quantity) values 	(102	,	3	,	98	);
INSERT INTO inventory (sku,size_id,quantity) values 	(103	,	1	,	67	);
INSERT INTO inventory (sku,size_id,quantity) values 	(103	,	2	,	68	);
INSERT INTO inventory (sku,size_id,quantity) values 	(103	,	3	,	69	);
INSERT INTO inventory (sku,size_id,quantity) values 	(103	,	4	,	70	);
INSERT INTO inventory (sku,size_id,quantity) values 	(104	,	1	,	121	);
INSERT INTO inventory (sku,size_id,quantity) values 	(104	,	2	,	122	);
INSERT INTO inventory (sku,size_id,quantity) values 	(104	,	3	,	123	);
INSERT INTO inventory (sku,size_id,quantity) values 	(104	,	4	,	124	);
INSERT INTO inventory (sku,size_id,quantity) values 	(105	,	4	,	77	);
INSERT INTO inventory (sku,size_id,quantity) values 	(105	,	3	,	78	);
INSERT INTO inventory (sku,size_id,quantity) values 	(105	,	2	,	79	);
INSERT INTO inventory (sku,size_id,quantity) values 	(105	,	1	,	80	);
INSERT INTO inventory (sku,size_id,quantity) values 	(106	,	1	,	52	);
INSERT INTO inventory (sku,size_id,quantity) values 	(106	,	2	,	53	);
INSERT INTO inventory (sku,size_id,quantity) values 	(106	,	3	,	54	);
INSERT INTO inventory (sku,size_id,quantity) values 	(106	,	4	,	55	);
INSERT INTO inventory (sku,size_id,quantity) values 	(107	,	4	,	76	);
INSERT INTO inventory (sku,size_id,quantity) values 	(107	,	3	,	77	);
INSERT INTO inventory (sku,size_id,quantity) values 	(107	,	2	,	78	);
INSERT INTO inventory (sku,size_id,quantity) values 	(107	,	1	,	79	);
INSERT INTO inventory (sku,size_id,quantity) values 	(108	,	1	,	100	);
INSERT INTO inventory (sku,size_id,quantity) values 	(108	,	2	,	101	);
INSERT INTO inventory (sku,size_id,quantity) values 	(108	,	3	,	102	);
INSERT INTO inventory (sku,size_id,quantity) values 	(108	,	4	,	103	);
INSERT INTO inventory (sku,size_id,quantity) values 	(109	,	4	,	95	);
INSERT INTO inventory (sku,size_id,quantity) values 	(109	,	3	,	96	);
INSERT INTO inventory (sku,size_id,quantity) values 	(109	,	2	,	97	);
INSERT INTO inventory (sku,size_id,quantity) values 	(109	,	1	,	98	);
INSERT INTO inventory (sku,size_id,quantity) values 	(110	,	1	,	67	);
INSERT INTO inventory (sku,size_id,quantity) values 	(110	,	2	,	68	);
INSERT INTO inventory (sku,size_id,quantity) values 	(110	,	3	,	69	);
INSERT INTO inventory (sku,size_id,quantity) values 	(110	,	4	,	70	);
INSERT INTO inventory (sku,size_id,quantity) values 	(111	,	4	,	121	);
INSERT INTO inventory (sku,size_id,quantity) values 	(111	,	3	,	122	);
INSERT INTO inventory (sku,size_id,quantity) values 	(111	,	2	,	123	);
INSERT INTO inventory (sku,size_id,quantity) values 	(111	,	1	,	124	);
INSERT INTO inventory (sku,size_id,quantity) values 	(112	,	1	,	77	);
INSERT INTO inventory (sku,size_id,quantity) values 	(112	,	2	,	78	);
INSERT INTO inventory (sku,size_id,quantity) values 	(112	,	3	,	79	);
INSERT INTO inventory (sku,size_id,quantity) values 	(112	,	4	,	80	);
INSERT INTO inventory (sku,size_id,quantity) values 	(113	,	4	,	52	);
INSERT INTO inventory (sku,size_id,quantity) values 	(113	,	3	,	53	);
INSERT INTO inventory (sku,size_id,quantity) values 	(113	,	2	,	54	);
INSERT INTO inventory (sku,size_id,quantity) values 	(113	,	1	,	55	);
INSERT INTO inventory (sku,size_id,quantity) values 	(114	,	1	,	76	);
INSERT INTO inventory (sku,size_id,quantity) values 	(114	,	2	,	77	);
INSERT INTO inventory (sku,size_id,quantity) values 	(114	,	3	,	78	);
INSERT INTO inventory (sku,size_id,quantity) values 	(114	,	4	,	79	);
INSERT INTO inventory (sku,size_id,quantity) values 	(115	,	1	,	100	);
INSERT INTO inventory (sku,size_id,quantity) values 	(115	,	2	,	101	);
INSERT INTO inventory (sku,size_id,quantity) values 	(115	,	3	,	102	);
INSERT INTO inventory (sku,size_id,quantity) values 	(115	,	4	,	103	);
INSERT INTO inventory (sku,size_id,quantity) values 	(116	,	4	,	95	);
INSERT INTO inventory (sku,size_id,quantity) values 	(116	,	3	,	96	);
INSERT INTO inventory (sku,size_id,quantity) values 	(116	,	2	,	97	);
INSERT INTO inventory (sku,size_id,quantity) values 	(116	,	1	,	98	);
INSERT INTO inventory (sku,size_id,quantity) values 	(117	,	4	,	67	);
INSERT INTO inventory (sku,size_id,quantity) values 	(117	,	3	,	68	);
INSERT INTO inventory (sku,size_id,quantity) values 	(117	,	2	,	69	);
INSERT INTO inventory (sku,size_id,quantity) values 	(117	,	1	,	70	);
INSERT INTO inventory (sku,size_id,quantity) values 	(118	,	1	,	121	);
INSERT INTO inventory (sku,size_id,quantity) values 	(118	,	2	,	122	);
INSERT INTO inventory (sku,size_id,quantity) values 	(118	,	3	,	123	);
INSERT INTO inventory (sku,size_id,quantity) values 	(118	,	4	,	124	);
INSERT INTO inventory (sku,size_id,quantity) values 	(119	,	1	,	77	);
INSERT INTO inventory (sku,size_id,quantity) values 	(119	,	2	,	78	);
INSERT INTO inventory (sku,size_id,quantity) values 	(119	,	3	,	79	);
INSERT INTO inventory (sku,size_id,quantity) values 	(119	,	4	,	80	);
INSERT INTO inventory (sku,size_id,quantity) values 	(120	,	4	,	52	);
INSERT INTO inventory (sku,size_id,quantity) values 	(120	,	3	,	53	);
INSERT INTO inventory (sku,size_id,quantity) values 	(120	,	2	,	54	);
INSERT INTO inventory (sku,size_id,quantity) values 	(120	,	1	,	55	);
INSERT INTO inventory (sku,size_id,quantity) values 	(121	,	1	,	76	);
INSERT INTO inventory (sku,size_id,quantity) values 	(121	,	2	,	77	);
INSERT INTO inventory (sku,size_id,quantity) values 	(121	,	3	,	78	);
INSERT INTO inventory (sku,size_id,quantity) values 	(121	,	4	,	79	);
INSERT INTO inventory (sku,size_id,quantity) values 	(122	,	4	,	100	);
INSERT INTO inventory (sku,size_id,quantity) values 	(122	,	3	,	101	);
INSERT INTO inventory (sku,size_id,quantity) values 	(122	,	2	,	102	);
INSERT INTO inventory (sku,size_id,quantity) values 	(122	,	1	,	103	);
INSERT INTO inventory (sku,size_id,quantity) values 	(123	,	1	,	95	);
INSERT INTO inventory (sku,size_id,quantity) values 	(123	,	2	,	96	);
INSERT INTO inventory (sku,size_id,quantity) values 	(123	,	3	,	97	);
INSERT INTO inventory (sku,size_id,quantity) values 	(123	,	4	,	98	);
INSERT INTO inventory (sku,size_id,quantity) values 	(124	,	1	,	67	);
INSERT INTO inventory (sku,size_id,quantity) values 	(124	,	2	,	68	);
INSERT INTO inventory (sku,size_id,quantity) values 	(124	,	3	,	69	);
INSERT INTO inventory (sku,size_id,quantity) values 	(124	,	4	,	70	);
INSERT INTO inventory (sku,size_id,quantity) values 	(125	,	4	,	121	);
INSERT INTO inventory (sku,size_id,quantity) values 	(125	,	3	,	122	);
INSERT INTO inventory (sku,size_id,quantity) values 	(125	,	2	,	123	);
INSERT INTO inventory (sku,size_id,quantity) values 	(125	,	1	,	124	);
INSERT INTO inventory (sku,size_id,quantity) values 	(126	,	4	,	77	);
INSERT INTO inventory (sku,size_id,quantity) values 	(126	,	1	,	78	);
INSERT INTO inventory (sku,size_id,quantity) values 	(126	,	2	,	79	);
INSERT INTO inventory (sku,size_id,quantity) values 	(126	,	3	,	80	);
INSERT INTO inventory (sku,size_id,quantity) values 	(127	,	1	,	52	);
INSERT INTO inventory (sku,size_id,quantity) values 	(127	,	2	,	53	);
INSERT INTO inventory (sku,size_id,quantity) values 	(127	,	3	,	54	);
INSERT INTO inventory (sku,size_id,quantity) values 	(127	,	4	,	55	);
INSERT INTO inventory (sku,size_id,quantity) values 	(128	,	4	,	76	);
INSERT INTO inventory (sku,size_id,quantity) values 	(128	,	3	,	77	);
INSERT INTO inventory (sku,size_id,quantity) values 	(128	,	2	,	78	);
INSERT INTO inventory (sku,size_id,quantity) values 	(128	,	1	,	79	);
INSERT INTO inventory (sku,size_id,quantity) values 	(129	,	1	,	100	);
INSERT INTO inventory (sku,size_id,quantity) values 	(129	,	2	,	101	);
INSERT INTO inventory (sku,size_id,quantity) values 	(129	,	3	,	102	);
INSERT INTO inventory (sku,size_id,quantity) values 	(129	,	4	,	103	);
INSERT INTO inventory (sku,size_id,quantity) values 	(130	,	1	,	95	);
INSERT INTO inventory (sku,size_id,quantity) values 	(130	,	2	,	96	);
INSERT INTO inventory (sku,size_id,quantity) values 	(130	,	3	,	97	);
INSERT INTO inventory (sku,size_id,quantity) values 	(130	,	4	,	98	);
INSERT INTO inventory (sku,size_id,quantity) values 	(131	,	1	,	67	);
INSERT INTO inventory (sku,size_id,quantity) values 	(131	,	2	,	68	);
INSERT INTO inventory (sku,size_id,quantity) values 	(131	,	3	,	69	);
INSERT INTO inventory (sku,size_id,quantity) values 	(131	,	4	,	70	);
INSERT INTO inventory (sku,size_id,quantity) values 	(132	,	3	,	121	);
INSERT INTO inventory (sku,size_id,quantity) values 	(132	,	2	,	122	);
INSERT INTO inventory (sku,size_id,quantity) values 	(132	,	1	,	123	);
INSERT INTO inventory (sku,size_id,quantity) values 	(132	,	4	,	124	);



**************************************  ORDER_DETAILS **********************************************

INSERT INTO orders_details (sku,size,quantity,status) values 	(	101	,	"Small"	,	5	,	"Order Processed"	);
INSERT INTO orders_details (sku,size,quantity,status) values 	(	101	,	"X-Large"	,	6	,	"Order Processed"	);
INSERT INTO orders_details (sku,size,quantity,status) values 	(	101	,	"Large"	,	1	,	"Order Processed"	);
INSERT INTO orders_details (sku,size,quantity,status) values 	(	101	,	"Medium"	,	2	,	"Order Processed"	);
INSERT INTO orders_details (sku,size,quantity,status) values 	(	102	,	"Small"	,	1	,	"Order Processed"	);
INSERT INTO orders_details (sku,size,quantity,status) values 	(	102	,	"Medium"	,	2	,	"Order Processed"	);
INSERT INTO orders_details (sku,size,quantity,status) values 	(	102	,	"X-Large"	,	3	,	"Order Processed"	);
INSERT INTO orders_details (sku,size,quantity,status) values 	(	102	,	"Large"	,	4	,	"Order Processed"	);
INSERT INTO orders_details (sku,size,quantity,status) values 	(	103	,	"Small"	,	3	,	"Order Processed"	);
INSERT INTO orders_details (sku,size,quantity,status) values 	(	103	,	"Medium"	,	4	,	"Order Processed"	);
INSERT INTO orders_details (sku,size,quantity,status) values 	(	103	,	"Large"	,	5	,	"Order Processed"	);
INSERT INTO orders_details (sku,size,quantity,status) values 	(	103	,	"X-Large"	,	6	,	"Order Processed"	);
INSERT INTO orders_details (sku,size,quantity,status) values 	(	104	,	"Small"	,	5	,	"Order Processed"	);
INSERT INTO orders_details (sku,size,quantity,status) values 	(	104	,	"Medium"	,	6	,	"Order Processed"	);
INSERT INTO orders_details (sku,size,quantity,status) values 	(	104	,	"Large"	,	1	,	"Order Processed"	);
INSERT INTO orders_details (sku,size,quantity,status) values 	(	104	,	"X-Large"	,	2	,	"Order Processed"	);
INSERT INTO orders_details (sku,size,quantity,status) values 	(	105	,	"X-Large"	,	1	,	"Order Processed"	);
INSERT INTO orders_details (sku,size,quantity,status) values 	(	105	,	"Large"	,	2	,	"Order Processed"	);
INSERT INTO orders_details (sku,size,quantity,status) values 	(	105	,	"Medium"	,	3	,	"Order Processed"	);
INSERT INTO orders_details (sku,size,quantity,status) values 	(	105	,	"Small"	,	4	,	"Shipped"	);
INSERT INTO orders_details (sku,size,quantity,status) values 	(	106	,	"Small"	,	3	,	"Shipped"	);
INSERT INTO orders_details (sku,size,quantity,status) values 	(	106	,	"Medium"	,	4	,	"Shipped"	);
INSERT INTO orders_details (sku,size,quantity,status) values 	(	106	,	"Large"	,	5	,	"Shipped"	);
INSERT INTO orders_details (sku,size,quantity,status) values 	(	106	,	"X-Large"	,	6	,	"Shipped"	);
INSERT INTO orders_details (sku,size,quantity,status) values 	(	107	,	"X-Large"	,	5	,	"Shipped"	);
INSERT INTO orders_details (sku,size,quantity,status) values 	(	107	,	"Large"	,	6	,	"Shipped"	);
INSERT INTO orders_details (sku,size,quantity,status) values 	(	107	,	"Medium"	,	1	,	"Shipped"	);
INSERT INTO orders_details (sku,size,quantity,status) values 	(	107	,	"Small"	,	2	,	"Shipped"	);
INSERT INTO orders_details (sku,size,quantity,status) values 	(	108	,	"Small"	,	1	,	"Shipped"	);
INSERT INTO orders_details (sku,size,quantity,status) values 	(	108	,	"Medium"	,	2	,	"Shipped"	);
INSERT INTO orders_details (sku,size,quantity,status) values 	(	108	,	"Large"	,	3	,	"Shipped"	);
INSERT INTO orders_details (sku,size,quantity,status) values 	(	108	,	"X-Large"	,	4	,	"Shipped"	);
INSERT INTO orders_details (sku,size,quantity,status) values 	(	109	,	"X-Large"	,	3	,	"Delivered"	);
INSERT INTO orders_details (sku,size,quantity,status) values 	(	109	,	"Large"	,	4	,	"Delivered"	);
INSERT INTO orders_details (sku,size,quantity,status) values 	(	109	,	"Medium"	,	5	,	"Delivered"	);
INSERT INTO orders_details (sku,size,quantity,status) values 	(	109	,	"Small"	,	6	,	"Delivered"	);
INSERT INTO orders_details (sku,size,quantity,status) values 	(	110	,	"Small"	,	5	,	"Delivered"	);
INSERT INTO orders_details (sku,size,quantity,status) values 	(	110	,	"Medium"	,	6	,	"Delivered"	);
INSERT INTO orders_details (sku,size,quantity,status) values 	(	110	,	"Large"	,	1	,	"Delivered"	);
INSERT INTO orders_details (sku,size,quantity,status) values 	(	110	,	"X-Large"	,	2	,	"Delivered"	);
INSERT INTO orders_details (sku,size,quantity,status) values 	(	111	,	"X-Large"	,	1	,	"Delivered"	);
INSERT INTO orders_details (sku,size,quantity,status) values 	(	111	,	"Large"	,	2	,	"Delivered"	);
INSERT INTO orders_details (sku,size,quantity,status) values 	(	111	,	"Medium"	,	3	,	"Delivered"	);
INSERT INTO orders_details (sku,size,quantity,status) values 	(	111	,	"Small"	,	4	,	"Delivered"	);
INSERT INTO orders_details (sku,size,quantity,status) values 	(	112	,	"Small"	,	3	,	"Delivered"	);
INSERT INTO orders_details (sku,size,quantity,status) values 	(	112	,	"Medium"	,	4	,	"Delivered"	);
INSERT INTO orders_details (sku,size,quantity,status) values 	(	112	,	"Large"	,	5	,	"Delivered"	);
INSERT INTO orders_details (sku,size,quantity,status) values 	(	112	,	"X-Large"	,	6	,	"Delivered"	);
INSERT INTO orders_details (sku,size,quantity,status) values 	(	113	,	"X-Large"	,	5	,	"Delivered"	);
INSERT INTO orders_details (sku,size,quantity,status) values 	(	113	,	"Large"	,	6	,	"Order Placed Successfully"	);
INSERT INTO orders_details (sku,size,quantity,status) values 	(	113	,	"Medium"	,	1	,	"Order Placed Successfully"	);
INSERT INTO orders_details (sku,size,quantity,status) values 	(	113	,	"Small"	,	2	,	"Order Placed Successfully"	);
INSERT INTO orders_details (sku,size,quantity,status) values 	(	114	,	"Small"	,	1	,	"Order Placed Successfully"	);
INSERT INTO orders_details (sku,size,quantity,status) values 	(	114	,	"Medium"	,	2	,	"Order Placed Successfully"	);
INSERT INTO orders_details (sku,size,quantity,status) values 	(	114	,	"Large"	,	3	,	"Order Placed Successfully"	);
INSERT INTO orders_details (sku,size,quantity,status) values 	(	114	,	"X-Large"	,	4	,	"Order Placed Successfully"	);
INSERT INTO orders_details (sku,size,quantity,status) values 	(	115	,	"Small"	,	3	,	"Order Placed Successfully"	);
INSERT INTO orders_details (sku,size,quantity,status) values 	(	115	,	"Medium"	,	4	,	"Order Placed Successfully"	);
INSERT INTO orders_details (sku,size,quantity,status) values 	(	115	,	"Large"	,	5	,	"Order Placed Successfully"	);
INSERT INTO orders_details (sku,size,quantity,status) values 	(	115	,	"X-Large"	,	6	,	"Order Placed Successfully"	);
INSERT INTO orders_details (sku,size,quantity,status) values 	(	116	,	"X-Large"	,	5	,	"Order Placed Successfully"	);
INSERT INTO orders_details (sku,size,quantity,status) values 	(	116	,	"Large"	,	6	,	"Order Placed Successfully"	);
INSERT INTO orders_details (sku,size,quantity,status) values 	(	116	,	"Medium"	,	1	,	"Order Placed Successfully"	);
INSERT INTO orders_details (sku,size,quantity,status) values 	(	116	,	"Small"	,	2	,	"Order Placed Successfully"	);
INSERT INTO orders_details (sku,size,quantity,status) values 	(	117	,	"X-Large"	,	1	,	"Order Placed Successfully"	);
INSERT INTO orders_details (sku,size,quantity,status) values 	(	117	,	"Large"	,	2	,	"Order Placed Successfully"	);
INSERT INTO orders_details (sku,size,quantity,status) values 	(	117	,	"Medium"	,	3	,	"Order Placed Successfully"	);
INSERT INTO orders_details (sku,size,quantity,status) values 	(	117	,	"Small"	,	4	,	"Order Placed Successfully"	);
INSERT INTO orders_details (sku,size,quantity,status) values 	(	118	,	"Small"	,	3	,	"Order Placed Successfully"	);
INSERT INTO orders_details (sku,size,quantity,status) values 	(	118	,	"Medium"	,	4	,	"Order Placed Successfully"	);
INSERT INTO orders_details (sku,size,quantity,status) values 	(	118	,	"Large"	,	5	,	"Order Placed Successfully"	);
INSERT INTO orders_details (sku,size,quantity,status) values 	(	118	,	"X-Large"	,	6	,	"Order Placed Successfully"	);
INSERT INTO orders_details (sku,size,quantity,status) values 	(	119	,	"Small"	,	5	,	"Order Placed Successfully"	);
INSERT INTO orders_details (sku,size,quantity,status) values 	(	119	,	"Medium"	,	6	,	"Order Placed Successfully"	);
INSERT INTO orders_details (sku,size,quantity,status) values 	(	119	,	"Large"	,	1	,	"Order Placed Successfully"	);
INSERT INTO orders_details (sku,size,quantity,status) values 	(	119	,	"X-Large"	,	2	,	"Order Placed Successfully"	);
INSERT INTO orders_details (sku,size,quantity,status) values 	(	120	,	"X-Large"	,	1	,	"Order Placed Successfully"	);
INSERT INTO orders_details (sku,size,quantity,status) values 	(	120	,	"Large"	,	2	,	"Order Placed Successfully"	);
INSERT INTO orders_details (sku,size,quantity,status) values 	(	120	,	"Medium"	,	3	,	"Order Placed Successfully"	);
INSERT INTO orders_details (sku,size,quantity,status) values 	(	120	,	"Small"	,	4	,	"Order Placed Successfully"	);
INSERT INTO orders_details (sku,size,quantity,status) values 	(	121	,	"Small"	,	3	,	"Order Placed Successfully"	);
INSERT INTO orders_details (sku,size,quantity,status) values 	(	121	,	"Medium"	,	4	,	"Order Placed Successfully"	);
INSERT INTO orders_details (sku,size,quantity,status) values 	(	121	,	"Large"	,	5	,	"Order Placed Successfully"	);
INSERT INTO orders_details (sku,size,quantity,status) values 	(	121	,	"X-Large"	,	6	,	"Order Placed Successfully"	);
INSERT INTO orders_details (sku,size,quantity,status) values 	(	122	,	"X-Large"	,	5	,	"Order Placed Successfully"	);
INSERT INTO orders_details (sku,size,quantity,status) values 	(	122	,	"Large"	,	6	,	"Order Placed Successfully"	);
INSERT INTO orders_details (sku,size,quantity,status) values 	(	122	,	"Medium"	,	1	,	"Order Placed Successfully"	);
INSERT INTO orders_details (sku,size,quantity,status) values 	(	122	,	"Small"	,	2	,	"Order Placed Successfully"	);
INSERT INTO orders_details (sku,size,quantity,status) values 	(	123	,	"Small"	,	1	,	"Order Placed Successfully"	);
INSERT INTO orders_details (sku,size,quantity,status) values 	(	123	,	"Medium"	,	2	,	"Order Placed Successfully"	);
INSERT INTO orders_details (sku,size,quantity,status) values 	(	123	,	"Large"	,	3	,	"Order Placed Successfully"	);
INSERT INTO orders_details (sku,size,quantity,status) values 	(	123	,	"X-Large"	,	4	,	"Order Placed Successfully"	);
INSERT INTO orders_details (sku,size,quantity,status) values 	(	124	,	"Small"	,	3	,	"Order Placed Successfully"	);
INSERT INTO orders_details (sku,size,quantity,status) values 	(	124	,	"Medium"	,	4	,	"Order Placed Successfully"	);
INSERT INTO orders_details (sku,size,quantity,status) values 	(	124	,	"Large"	,	5	,	"Order Placed Successfully"	);
INSERT INTO orders_details (sku,size,quantity,status) values 	(	124	,	"X-Large"	,	6	,	"Order Placed Successfully"	);
INSERT INTO orders_details (sku,size,quantity,status) values 	(	125	,	"X-Large"	,	5	,	"Order Placed Successfully"	);
INSERT INTO orders_details (sku,size,quantity,status) values 	(	125	,	"Large"	,	6	,	"Order Placed Successfully"	);
INSERT INTO orders_details (sku,size,quantity,status) values 	(	125	,	"Medium"	,	1	,	"Order Placed Successfully"	);
INSERT INTO orders_details (sku,size,quantity,status) values 	(	125	,	"Small"	,	2	,	"Order Placed Successfully"	);
INSERT INTO orders_details (sku,size,quantity,status) values 	(	126	,	"X-Large"	,	1	,	"Order Placed Successfully"	);
INSERT INTO orders_details (sku,size,quantity,status) values 	(	126	,	"Small"	,	2	,	"Order Placed Successfully"	);
INSERT INTO orders_details (sku,size,quantity,status) values 	(	126	,	"Medium"	,	3	,	"Order Placed Successfully"	);
INSERT INTO orders_details (sku,size,quantity,status) values 	(	126	,	"Large"	,	4	,	"Order Placed Successfully"	);
INSERT INTO orders_details (sku,size,quantity,status) values 	(	127	,	"Small"	,	3	,	"Order Placed Successfully"	);
INSERT INTO orders_details (sku,size,quantity,status) values 	(	127	,	"Medium"	,	4	,	"Order Placed Successfully"	);
INSERT INTO orders_details (sku,size,quantity,status) values 	(	127	,	"Large"	,	5	,	"Order Placed Successfully"	);
INSERT INTO orders_details (sku,size,quantity,status) values 	(	127	,	"X-Large"	,	6	,	"Order Placed Successfully"	);
INSERT INTO orders_details (sku,size,quantity,status) values 	(	128	,	"X-Large"	,	5	,	"Order Placed Successfully"	);
INSERT INTO orders_details (sku,size,quantity,status) values 	(	128	,	"Large"	,	6	,	"Order Placed Successfully"	);
INSERT INTO orders_details (sku,size,quantity,status) values 	(	128	,	"Medium"	,	1	,	"Order Placed Successfully"	);
INSERT INTO orders_details (sku,size,quantity,status) values 	(	128	,	"Small"	,	2	,	"Order Placed Successfully"	);
INSERT INTO orders_details (sku,size,quantity,status) values 	(	129	,	"Small"	,	1	,	"Order Placed Successfully"	);
INSERT INTO orders_details (sku,size,quantity,status) values 	(	129	,	"Medium"	,	2	,	"Order Placed Successfully"	);
INSERT INTO orders_details (sku,size,quantity,status) values 	(	129	,	"Large"	,	3	,	"Order Placed Successfully"	);
INSERT INTO orders_details (sku,size,quantity,status) values 	(	129	,	"X-Large"	,	4	,	"Order Placed Successfully"	);
INSERT INTO orders_details (sku,size,quantity,status) values 	(	130	,	"Small"	,	3	,	"Order Placed Successfully"	);
INSERT INTO orders_details (sku,size,quantity,status) values 	(	130	,	"Medium"	,	4	,	"Order Placed Successfully"	);
INSERT INTO orders_details (sku,size,quantity,status) values 	(	130	,	"Large"	,	5	,	"Order Placed Successfully"	);
INSERT INTO orders_details (sku,size,quantity,status) values 	(	130	,	"X-Large"	,	6	,	"Order Placed Successfully"	);
INSERT INTO orders_details (sku,size,quantity,status) values 	(	131	,	"Small"	,	5	,	"Order Placed Successfully"	);
INSERT INTO orders_details (sku,size,quantity,status) values 	(	131	,	"Medium"	,	6	,	"Order Placed Successfully"	);
INSERT INTO orders_details (sku,size,quantity,status) values 	(	131	,	"Large"	,	1	,	"Order Placed Successfully"	);
INSERT INTO orders_details (sku,size,quantity,status) values 	(	131	,	"X-Large"	,	2	,	"Order Placed Successfully"	);
INSERT INTO orders_details (sku,size,quantity,status) values 	(	132	,	"Large"	,	1	,	"Order Placed Successfully"	);
INSERT INTO orders_details (sku,size,quantity,status) values 	(	132	,	"Medium"	,	2	,	"Order Placed Successfully"	);
INSERT INTO orders_details (sku,size,quantity,status) values 	(	132	,	"Small"	,	3	,	"Order Placed Successfully"	);
INSERT INTO orders_details (sku,size,quantity,status) values 	(	132	,	"X-Large"	,	4	,	"Delivered"	);
INSERT INTO orders_details (sku,size,quantity,status) values 	(	101	,	"Small"	,	5	,	"Order Processed"	);
INSERT INTO orders_details (sku,size,quantity,status) values 	(	101	,	"X-Large"	,	6	,	"Order Processed"	);
INSERT INTO orders_details (sku,size,quantity,status) values 	(	101	,	"Large"	,	1	,	"Order Processed"	);
INSERT INTO orders_details (sku,size,quantity,status) values 	(	101	,	"Medium"	,	2	,	"Order Processed"	);
INSERT INTO orders_details (sku,size,quantity,status) values 	(	102	,	"Small"	,	1	,	"Order Processed"	);
INSERT INTO orders_details (sku,size,quantity,status) values 	(	102	,	"Medium"	,	2	,	"Order Processed"	);
INSERT INTO orders_details (sku,size,quantity,status) values 	(	102	,	"X-Large"	,	3	,	"Order Processed"	);
INSERT INTO orders_details (sku,size,quantity,status) values 	(	102	,	"Large"	,	4	,	"Order Processed"	);
INSERT INTO orders_details (sku,size,quantity,status) values 	(	103	,	"Small"	,	3	,	"Order Processed"	);
INSERT INTO orders_details (sku,size,quantity,status) values 	(	103	,	"Medium"	,	4	,	"Order Processed"	);
INSERT INTO orders_details (sku,size,quantity,status) values 	(	103	,	"Large"	,	5	,	"Order Processed"	);
INSERT INTO orders_details (sku,size,quantity,status) values 	(	103	,	"X-Large"	,	6	,	"Order Processed"	);
INSERT INTO orders_details (sku,size,quantity,status) values 	(	104	,	"Small"	,	5	,	"Order Processed"	);
INSERT INTO orders_details (sku,size,quantity,status) values 	(	104	,	"Medium"	,	6	,	"Order Processed"	);
INSERT INTO orders_details (sku,size,quantity,status) values 	(	104	,	"Large"	,	1	,	"Order Processed"	);
INSERT INTO orders_details (sku,size,quantity,status) values 	(	104	,	"X-Large"	,	2	,	"Order Processed"	);
INSERT INTO orders_details (sku,size,quantity,status) values 	(	105	,	"X-Large"	,	1	,	"Order Processed"	);
INSERT INTO orders_details (sku,size,quantity,status) values 	(	105	,	"Large"	,	2	,	"Order Processed"	);
INSERT INTO orders_details (sku,size,quantity,status) values 	(	105	,	"Medium"	,	3	,	"Order Processed"	);
INSERT INTO orders_details (sku,size,quantity,status) values 	(	105	,	"Small"	,	4	,	"Shipped"	);
INSERT INTO orders_details (sku,size,quantity,status) values 	(	106	,	"Small"	,	3	,	"Shipped"	);
INSERT INTO orders_details (sku,size,quantity,status) values 	(	106	,	"Medium"	,	4	,	"Shipped"	);
INSERT INTO orders_details (sku,size,quantity,status) values 	(	106	,	"Large"	,	5	,	"Shipped"	);
INSERT INTO orders_details (sku,size,quantity,status) values 	(	106	,	"X-Large"	,	6	,	"Shipped"	);
INSERT INTO orders_details (sku,size,quantity,status) values 	(	107	,	"X-Large"	,	5	,	"Shipped"	);
INSERT INTO orders_details (sku,size,quantity,status) values 	(	107	,	"Large"	,	6	,	"Shipped"	);
INSERT INTO orders_details (sku,size,quantity,status) values 	(	107	,	"Medium"	,	1	,	"Shipped"	);
INSERT INTO orders_details (sku,size,quantity,status) values 	(	107	,	"Small"	,	2	,	"Shipped"	);
INSERT INTO orders_details (sku,size,quantity,status) values 	(	108	,	"Small"	,	1	,	"Shipped"	);
INSERT INTO orders_details (sku,size,quantity,status) values 	(	108	,	"Medium"	,	2	,	"Shipped"	);
INSERT INTO orders_details (sku,size,quantity,status) values 	(	108	,	"Large"	,	3	,	"Shipped"	);
INSERT INTO orders_details (sku,size,quantity,status) values 	(	108	,	"X-Large"	,	4	,	"Shipped"	);
INSERT INTO orders_details (sku,size,quantity,status) values 	(	109	,	"X-Large"	,	3	,	"Delivered"	);
INSERT INTO orders_details (sku,size,quantity,status) values 	(	109	,	"Large"	,	4	,	"Delivered"	);
INSERT INTO orders_details (sku,size,quantity,status) values 	(	109	,	"Medium"	,	5	,	"Delivered"	);
INSERT INTO orders_details (sku,size,quantity,status) values 	(	109	,	"Small"	,	6	,	"Delivered"	);
INSERT INTO orders_details (sku,size,quantity,status) values 	(	110	,	"Small"	,	5	,	"Delivered"	);
INSERT INTO orders_details (sku,size,quantity,status) values 	(	110	,	"Medium"	,	6	,	"Delivered"	);
INSERT INTO orders_details (sku,size,quantity,status) values 	(	110	,	"Large"	,	1	,	"Delivered"	);
INSERT INTO orders_details (sku,size,quantity,status) values 	(	110	,	"X-Large"	,	2	,	"Delivered"	);
INSERT INTO orders_details (sku,size,quantity,status) values 	(	111	,	"X-Large"	,	1	,	"Delivered"	);
INSERT INTO orders_details (sku,size,quantity,status) values 	(	111	,	"Large"	,	2	,	"Delivered"	);
INSERT INTO orders_details (sku,size,quantity,status) values 	(	111	,	"Medium"	,	3	,	"Delivered"	);
INSERT INTO orders_details (sku,size,quantity,status) values 	(	111	,	"Small"	,	4	,	"Delivered"	);
INSERT INTO orders_details (sku,size,quantity,status) values 	(	112	,	"Small"	,	3	,	"Delivered"	);
INSERT INTO orders_details (sku,size,quantity,status) values 	(	112	,	"Medium"	,	4	,	"Delivered"	);
INSERT INTO orders_details (sku,size,quantity,status) values 	(	112	,	"Large"	,	5	,	"Delivered"	);
INSERT INTO orders_details (sku,size,quantity,status) values 	(	112	,	"X-Large"	,	6	,	"Delivered"	);
INSERT INTO orders_details (sku,size,quantity,status) values 	(	113	,	"X-Large"	,	5	,	"Delivered"	);
INSERT INTO orders_details (sku,size,quantity,status) values 	(	113	,	"Large"	,	6	,	"Order Placed Successfully"	);
INSERT INTO orders_details (sku,size,quantity,status) values 	(	113	,	"Medium"	,	1	,	"Order Placed Successfully"	);
INSERT INTO orders_details (sku,size,quantity,status) values 	(	113	,	"Small"	,	2	,	"Order Placed Successfully"	);
INSERT INTO orders_details (sku,size,quantity,status) values 	(	114	,	"Small"	,	1	,	"Order Placed Successfully"	);
INSERT INTO orders_details (sku,size,quantity,status) values 	(	114	,	"Medium"	,	2	,	"Order Placed Successfully"	);
INSERT INTO orders_details (sku,size,quantity,status) values 	(	114	,	"Large"	,	3	,	"Order Placed Successfully"	);
INSERT INTO orders_details (sku,size,quantity,status) values 	(	114	,	"X-Large"	,	4	,	"Order Placed Successfully"	);
INSERT INTO orders_details (sku,size,quantity,status) values 	(	115	,	"Small"	,	3	,	"Order Placed Successfully"	);
INSERT INTO orders_details (sku,size,quantity,status) values 	(	115	,	"Medium"	,	4	,	"Order Placed Successfully"	);
INSERT INTO orders_details (sku,size,quantity,status) values 	(	115	,	"Large"	,	5	,	"Order Placed Successfully"	);
INSERT INTO orders_details (sku,size,quantity,status) values 	(	115	,	"X-Large"	,	6	,	"Order Placed Successfully"	);
INSERT INTO orders_details (sku,size,quantity,status) values 	(	116	,	"X-Large"	,	5	,	"Order Placed Successfully"	);
INSERT INTO orders_details (sku,size,quantity,status) values 	(	116	,	"Large"	,	6	,	"Order Placed Successfully"	);
INSERT INTO orders_details (sku,size,quantity,status) values 	(	116	,	"Medium"	,	1	,	"Order Placed Successfully"	);
INSERT INTO orders_details (sku,size,quantity,status) values 	(	116	,	"Small"	,	2	,	"Order Placed Successfully"	);
INSERT INTO orders_details (sku,size,quantity,status) values 	(	117	,	"X-Large"	,	1	,	"Order Placed Successfully"	);
INSERT INTO orders_details (sku,size,quantity,status) values 	(	117	,	"Large"	,	2	,	"Order Placed Successfully"	);
INSERT INTO orders_details (sku,size,quantity,status) values 	(	117	,	"Medium"	,	3	,	"Order Placed Successfully"	);
INSERT INTO orders_details (sku,size,quantity,status) values 	(	117	,	"Small"	,	4	,	"Order Placed Successfully"	);
INSERT INTO orders_details (sku,size,quantity,status) values 	(	118	,	"Small"	,	3	,	"Order Placed Successfully"	);
INSERT INTO orders_details (sku,size,quantity,status) values 	(	118	,	"Medium"	,	4	,	"Order Placed Successfully"	);
INSERT INTO orders_details (sku,size,quantity,status) values 	(	118	,	"Large"	,	5	,	"Order Placed Successfully"	);
INSERT INTO orders_details (sku,size,quantity,status) values 	(	118	,	"X-Large"	,	6	,	"Order Placed Successfully"	);
INSERT INTO orders_details (sku,size,quantity,status) values 	(	119	,	"Small"	,	5	,	"Order Placed Successfully"	);
INSERT INTO orders_details (sku,size,quantity,status) values 	(	119	,	"Medium"	,	6	,	"Order Placed Successfully"	);
INSERT INTO orders_details (sku,size,quantity,status) values 	(	119	,	"Large"	,	1	,	"Order Placed Successfully"	);
INSERT INTO orders_details (sku,size,quantity,status) values 	(	119	,	"X-Large"	,	2	,	"Order Placed Successfully"	);
INSERT INTO orders_details (sku,size,quantity,status) values 	(	120	,	"X-Large"	,	1	,	"Order Placed Successfully"	);
INSERT INTO orders_details (sku,size,quantity,status) values 	(	120	,	"Large"	,	2	,	"Order Placed Successfully"	);
INSERT INTO orders_details (sku,size,quantity,status) values 	(	120	,	"Medium"	,	3	,	"Order Placed Successfully"	);
INSERT INTO orders_details (sku,size,quantity,status) values 	(	120	,	"Small"	,	4	,	"Order Placed Successfully"	);
INSERT INTO orders_details (sku,size,quantity,status) values 	(	121	,	"Small"	,	3	,	"Order Placed Successfully"	);
INSERT INTO orders_details (sku,size,quantity,status) values 	(	121	,	"Medium"	,	4	,	"Order Placed Successfully"	);
INSERT INTO orders_details (sku,size,quantity,status) values 	(	121	,	"Large"	,	5	,	"Order Placed Successfully"	);
INSERT INTO orders_details (sku,size,quantity,status) values 	(	121	,	"X-Large"	,	6	,	"Order Placed Successfully"	);
INSERT INTO orders_details (sku,size,quantity,status) values 	(	122	,	"X-Large"	,	5	,	"Order Placed Successfully"	);
INSERT INTO orders_details (sku,size,quantity,status) values 	(	122	,	"Large"	,	6	,	"Order Placed Successfully"	);
INSERT INTO orders_details (sku,size,quantity,status) values 	(	122	,	"Medium"	,	1	,	"Order Placed Successfully"	);
INSERT INTO orders_details (sku,size,quantity,status) values 	(	122	,	"Small"	,	2	,	"Order Placed Successfully"	);
INSERT INTO orders_details (sku,size,quantity,status) values 	(	123	,	"Small"	,	1	,	"Order Placed Successfully"	);
INSERT INTO orders_details (sku,size,quantity,status) values 	(	123	,	"Medium"	,	2	,	"Order Placed Successfully"	);
INSERT INTO orders_details (sku,size,quantity,status) values 	(	123	,	"Large"	,	3	,	"Order Placed Successfully"	);
INSERT INTO orders_details (sku,size,quantity,status) values 	(	123	,	"X-Large"	,	4	,	"Order Placed Successfully"	);
INSERT INTO orders_details (sku,size,quantity,status) values 	(	124	,	"Small"	,	3	,	"Order Placed Successfully"	);
INSERT INTO orders_details (sku,size,quantity,status) values 	(	124	,	"Medium"	,	4	,	"Order Placed Successfully"	);
INSERT INTO orders_details (sku,size,quantity,status) values 	(	124	,	"Large"	,	5	,	"Order Placed Successfully"	);
INSERT INTO orders_details (sku,size,quantity,status) values 	(	124	,	"X-Large"	,	6	,	"Order Placed Successfully"	);
INSERT INTO orders_details (sku,size,quantity,status) values 	(	125	,	"X-Large"	,	5	,	"Order Placed Successfully"	);
INSERT INTO orders_details (sku,size,quantity,status) values 	(	125	,	"Large"	,	6	,	"Order Placed Successfully"	);
INSERT INTO orders_details (sku,size,quantity,status) values 	(	125	,	"Medium"	,	1	,	"Order Placed Successfully"	);
INSERT INTO orders_details (sku,size,quantity,status) values 	(	125	,	"Small"	,	2	,	"Order Placed Successfully"	);
INSERT INTO orders_details (sku,size,quantity,status) values 	(	126	,	"X-Large"	,	1	,	"Order Placed Successfully"	);
INSERT INTO orders_details (sku,size,quantity,status) values 	(	126	,	"Small"	,	2	,	"Order Placed Successfully"	);
INSERT INTO orders_details (sku,size,quantity,status) values 	(	126	,	"Medium"	,	3	,	"Order Placed Successfully"	);
INSERT INTO orders_details (sku,size,quantity,status) values 	(	126	,	"Large"	,	4	,	"Order Placed Successfully"	);
INSERT INTO orders_details (sku,size,quantity,status) values 	(	127	,	"Small"	,	3	,	"Order Placed Successfully"	);
INSERT INTO orders_details (sku,size,quantity,status) values 	(	127	,	"Medium"	,	4	,	"Order Placed Successfully"	);
INSERT INTO orders_details (sku,size,quantity,status) values 	(	127	,	"Large"	,	5	,	"Order Placed Successfully"	);
INSERT INTO orders_details (sku,size,quantity,status) values 	(	127	,	"X-Large"	,	6	,	"Order Placed Successfully"	);
INSERT INTO orders_details (sku,size,quantity,status) values 	(	128	,	"X-Large"	,	5	,	"Order Placed Successfully"	);
INSERT INTO orders_details (sku,size,quantity,status) values 	(	128	,	"Large"	,	6	,	"Order Placed Successfully"	);
INSERT INTO orders_details (sku,size,quantity,status) values 	(	128	,	"Medium"	,	1	,	"Order Placed Successfully"	);
INSERT INTO orders_details (sku,size,quantity,status) values 	(	128	,	"Small"	,	2	,	"Order Placed Successfully"	);
INSERT INTO orders_details (sku,size,quantity,status) values 	(	129	,	"Small"	,	1	,	"Order Placed Successfully"	);
INSERT INTO orders_details (sku,size,quantity,status) values 	(	129	,	"Medium"	,	2	,	"Order Placed Successfully"	);
INSERT INTO orders_details (sku,size,quantity,status) values 	(	129	,	"Large"	,	3	,	"Order Placed Successfully"	);
INSERT INTO orders_details (sku,size,quantity,status) values 	(	129	,	"X-Large"	,	4	,	"Order Placed Successfully"	);
INSERT INTO orders_details (sku,size,quantity,status) values 	(	130	,	"Small"	,	3	,	"Order Placed Successfully"	);
INSERT INTO orders_details (sku,size,quantity,status) values 	(	130	,	"Medium"	,	4	,	"Order Placed Successfully"	);
INSERT INTO orders_details (sku,size,quantity,status) values 	(	130	,	"Large"	,	5	,	"Order Placed Successfully"	);
INSERT INTO orders_details (sku,size,quantity,status) values 	(	130	,	"X-Large"	,	6	,	"Order Placed Successfully"	);
INSERT INTO orders_details (sku,size,quantity,status) values 	(	131	,	"Small"	,	5	,	"Order Placed Successfully"	);
INSERT INTO orders_details (sku,size,quantity,status) values 	(	131	,	"Medium"	,	6	,	"Order Placed Successfully"	);
INSERT INTO orders_details (sku,size,quantity,status) values 	(	131	,	"Large"	,	1	,	"Order Placed Successfully"	);
INSERT INTO orders_details (sku,size,quantity,status) values 	(	131	,	"X-Large"	,	2	,	"Order Placed Successfully"	);
INSERT INTO orders_details (sku,size,quantity,status) values 	(	132	,	"Large"	,	1	,	"Order Placed Successfully"	);
INSERT INTO orders_details (sku,size,quantity,status) values 	(	132	,	"Medium"	,	2	,	"Order Placed Successfully"	);
INSERT INTO orders_details (sku,size,quantity,status) values 	(	132	,	"Small"	,	3	,	"Order Placed Successfully"	);
INSERT INTO orders_details (sku,size,quantity,status) values 	(	132	,	"X-Large"	,	4	,	"Delivered"	);
INSERT INTO orders_details (sku,size,quantity,status) values 	(	101	,	"Small"	,	5	,	"Order Processed"	);
INSERT INTO orders_details (sku,size,quantity,status) values 	(	101	,	"X-Large"	,	6	,	"Order Processed"	);
INSERT INTO orders_details (sku,size,quantity,status) values 	(	101	,	"Large"	,	1	,	"Order Processed"	);
INSERT INTO orders_details (sku,size,quantity,status) values 	(	101	,	"Medium"	,	2	,	"Order Processed"	);
INSERT INTO orders_details (sku,size,quantity,status) values 	(	102	,	"Small"	,	1	,	"Order Processed"	);
INSERT INTO orders_details (sku,size,quantity,status) values 	(	102	,	"Medium"	,	2	,	"Order Processed"	);
INSERT INTO orders_details (sku,size,quantity,status) values 	(	102	,	"X-Large"	,	3	,	"Order Processed"	);
INSERT INTO orders_details (sku,size,quantity,status) values 	(	102	,	"Large"	,	4	,	"Order Processed"	);
INSERT INTO orders_details (sku,size,quantity,status) values 	(	103	,	"Small"	,	3	,	"Order Processed"	);
INSERT INTO orders_details (sku,size,quantity,status) values 	(	103	,	"Medium"	,	4	,	"Order Processed"	);
INSERT INTO orders_details (sku,size,quantity,status) values 	(	103	,	"Large"	,	5	,	"Order Processed"	);
INSERT INTO orders_details (sku,size,quantity,status) values 	(	103	,	"X-Large"	,	6	,	"Order Processed"	);
INSERT INTO orders_details (sku,size,quantity,status) values 	(	104	,	"Small"	,	5	,	"Order Processed"	);
INSERT INTO orders_details (sku,size,quantity,status) values 	(	104	,	"Medium"	,	6	,	"Order Processed"	);
INSERT INTO orders_details (sku,size,quantity,status) values 	(	104	,	"Large"	,	1	,	"Order Processed"	);
INSERT INTO orders_details (sku,size,quantity,status) values 	(	104	,	"X-Large"	,	2	,	"Order Processed"	);
INSERT INTO orders_details (sku,size,quantity,status) values 	(	105	,	"X-Large"	,	1	,	"Order Processed"	);
INSERT INTO orders_details (sku,size,quantity,status) values 	(	105	,	"Large"	,	2	,	"Order Processed"	);
INSERT INTO orders_details (sku,size,quantity,status) values 	(	105	,	"Medium"	,	3	,	"Order Processed"	);
INSERT INTO orders_details (sku,size,quantity,status) values 	(	105	,	"Small"	,	4	,	"Shipped"	);
INSERT INTO orders_details (sku,size,quantity,status) values 	(	106	,	"Small"	,	3	,	"Shipped"	);
INSERT INTO orders_details (sku,size,quantity,status) values 	(	106	,	"Medium"	,	4	,	"Shipped"	);
INSERT INTO orders_details (sku,size,quantity,status) values 	(	106	,	"Large"	,	5	,	"Shipped"	);
INSERT INTO orders_details (sku,size,quantity,status) values 	(	106	,	"X-Large"	,	6	,	"Shipped"	);
INSERT INTO orders_details (sku,size,quantity,status) values 	(	107	,	"X-Large"	,	5	,	"Shipped"	);
INSERT INTO orders_details (sku,size,quantity,status) values 	(	107	,	"Large"	,	6	,	"Shipped"	);
INSERT INTO orders_details (sku,size,quantity,status) values 	(	107	,	"Medium"	,	1	,	"Shipped"	);
INSERT INTO orders_details (sku,size,quantity,status) values 	(	107	,	"Small"	,	2	,	"Shipped"	);
INSERT INTO orders_details (sku,size,quantity,status) values 	(	108	,	"Small"	,	1	,	"Shipped"	);
INSERT INTO orders_details (sku,size,quantity,status) values 	(	108	,	"Medium"	,	2	,	"Shipped"	);
INSERT INTO orders_details (sku,size,quantity,status) values 	(	108	,	"Large"	,	3	,	"Shipped"	);
INSERT INTO orders_details (sku,size,quantity,status) values 	(	108	,	"X-Large"	,	4	,	"Shipped"	);
INSERT INTO orders_details (sku,size,quantity,status) values 	(	109	,	"X-Large"	,	3	,	"Delivered"	);
INSERT INTO orders_details (sku,size,quantity,status) values 	(	109	,	"Large"	,	4	,	"Delivered"	);
INSERT INTO orders_details (sku,size,quantity,status) values 	(	109	,	"Medium"	,	5	,	"Delivered"	);
INSERT INTO orders_details (sku,size,quantity,status) values 	(	109	,	"Small"	,	6	,	"Delivered"	);
INSERT INTO orders_details (sku,size,quantity,status) values 	(	110	,	"Small"	,	5	,	"Delivered"	);
INSERT INTO orders_details (sku,size,quantity,status) values 	(	110	,	"Medium"	,	6	,	"Delivered"	);
INSERT INTO orders_details (sku,size,quantity,status) values 	(	110	,	"Large"	,	1	,	"Delivered"	);
INSERT INTO orders_details (sku,size,quantity,status) values 	(	110	,	"X-Large"	,	2	,	"Delivered"	);
INSERT INTO orders_details (sku,size,quantity,status) values 	(	111	,	"X-Large"	,	1	,	"Delivered"	);
INSERT INTO orders_details (sku,size,quantity,status) values 	(	111	,	"Large"	,	2	,	"Delivered"	);
INSERT INTO orders_details (sku,size,quantity,status) values 	(	111	,	"Medium"	,	3	,	"Delivered"	);
INSERT INTO orders_details (sku,size,quantity,status) values 	(	111	,	"Small"	,	4	,	"Delivered"	);
INSERT INTO orders_details (sku,size,quantity,status) values 	(	112	,	"Small"	,	3	,	"Delivered"	);
INSERT INTO orders_details (sku,size,quantity,status) values 	(	112	,	"Medium"	,	4	,	"Delivered"	);
INSERT INTO orders_details (sku,size,quantity,status) values 	(	112	,	"Large"	,	5	,	"Delivered"	);
INSERT INTO orders_details (sku,size,quantity,status) values 	(	112	,	"X-Large"	,	6	,	"Delivered"	);
INSERT INTO orders_details (sku,size,quantity,status) values 	(	113	,	"X-Large"	,	5	,	"Delivered"	);
INSERT INTO orders_details (sku,size,quantity,status) values 	(	113	,	"Large"	,	6	,	"Order Placed Successfully"	);
INSERT INTO orders_details (sku,size,quantity,status) values 	(	113	,	"Medium"	,	1	,	"Order Placed Successfully"	);
INSERT INTO orders_details (sku,size,quantity,status) values 	(	113	,	"Small"	,	2	,	"Order Placed Successfully"	);
INSERT INTO orders_details (sku,size,quantity,status) values 	(	114	,	"Small"	,	1	,	"Order Placed Successfully"	);
INSERT INTO orders_details (sku,size,quantity,status) values 	(	114	,	"Medium"	,	2	,	"Order Placed Successfully"	);
INSERT INTO orders_details (sku,size,quantity,status) values 	(	114	,	"Large"	,	3	,	"Order Placed Successfully"	);
INSERT INTO orders_details (sku,size,quantity,status) values 	(	114	,	"X-Large"	,	4	,	"Order Placed Successfully"	);
INSERT INTO orders_details (sku,size,quantity,status) values 	(	115	,	"Small"	,	3	,	"Order Placed Successfully"	);
INSERT INTO orders_details (sku,size,quantity,status) values 	(	115	,	"Medium"	,	4	,	"Order Placed Successfully"	);
INSERT INTO orders_details (sku,size,quantity,status) values 	(	115	,	"Large"	,	5	,	"Order Placed Successfully"	);
INSERT INTO orders_details (sku,size,quantity,status) values 	(	115	,	"X-Large"	,	6	,	"Order Placed Successfully"	);
INSERT INTO orders_details (sku,size,quantity,status) values 	(	116	,	"X-Large"	,	5	,	"Order Placed Successfully"	);
INSERT INTO orders_details (sku,size,quantity,status) values 	(	116	,	"Large"	,	6	,	"Order Placed Successfully"	);
INSERT INTO orders_details (sku,size,quantity,status) values 	(	116	,	"Medium"	,	1	,	"Order Placed Successfully"	);
INSERT INTO orders_details (sku,size,quantity,status) values 	(	116	,	"Small"	,	2	,	"Order Placed Successfully"	);
INSERT INTO orders_details (sku,size,quantity,status) values 	(	117	,	"X-Large"	,	1	,	"Order Placed Successfully"	);
INSERT INTO orders_details (sku,size,quantity,status) values 	(	117	,	"Large"	,	2	,	"Order Placed Successfully"	);
INSERT INTO orders_details (sku,size,quantity,status) values 	(	117	,	"Medium"	,	3	,	"Order Placed Successfully"	);
INSERT INTO orders_details (sku,size,quantity,status) values 	(	117	,	"Small"	,	4	,	"Order Placed Successfully"	);
INSERT INTO orders_details (sku,size,quantity,status) values 	(	118	,	"Small"	,	3	,	"Order Placed Successfully"	);
INSERT INTO orders_details (sku,size,quantity,status) values 	(	118	,	"Medium"	,	4	,	"Order Placed Successfully"	);
INSERT INTO orders_details (sku,size,quantity,status) values 	(	118	,	"Large"	,	5	,	"Order Placed Successfully"	);
INSERT INTO orders_details (sku,size,quantity,status) values 	(	118	,	"X-Large"	,	6	,	"Order Placed Successfully"	);
INSERT INTO orders_details (sku,size,quantity,status) values 	(	119	,	"Small"	,	5	,	"Order Placed Successfully"	);
INSERT INTO orders_details (sku,size,quantity,status) values 	(	119	,	"Medium"	,	6	,	"Order Placed Successfully"	);
INSERT INTO orders_details (sku,size,quantity,status) values 	(	119	,	"Large"	,	1	,	"Order Placed Successfully"	);
INSERT INTO orders_details (sku,size,quantity,status) values 	(	119	,	"X-Large"	,	2	,	"Order Placed Successfully"	);
INSERT INTO orders_details (sku,size,quantity,status) values 	(	120	,	"X-Large"	,	1	,	"Order Placed Successfully"	);
INSERT INTO orders_details (sku,size,quantity,status) values 	(	120	,	"Large"	,	2	,	"Order Placed Successfully"	);
INSERT INTO orders_details (sku,size,quantity,status) values 	(	120	,	"Medium"	,	3	,	"Order Placed Successfully"	);
INSERT INTO orders_details (sku,size,quantity,status) values 	(	120	,	"Small"	,	4	,	"Order Placed Successfully"	);
INSERT INTO orders_details (sku,size,quantity,status) values 	(	121	,	"Small"	,	3	,	"Order Placed Successfully"	);
INSERT INTO orders_details (sku,size,quantity,status) values 	(	121	,	"Medium"	,	4	,	"Order Placed Successfully"	);
INSERT INTO orders_details (sku,size,quantity,status) values 	(	121	,	"Large"	,	5	,	"Order Placed Successfully"	);
INSERT INTO orders_details (sku,size,quantity,status) values 	(	121	,	"X-Large"	,	6	,	"Order Placed Successfully"	);
INSERT INTO orders_details (sku,size,quantity,status) values 	(	122	,	"X-Large"	,	5	,	"Order Placed Successfully"	);
INSERT INTO orders_details (sku,size,quantity,status) values 	(	122	,	"Large"	,	6	,	"Order Placed Successfully"	);
INSERT INTO orders_details (sku,size,quantity,status) values 	(	122	,	"Medium"	,	1	,	"Order Placed Successfully"	);
INSERT INTO orders_details (sku,size,quantity,status) values 	(	122	,	"Small"	,	2	,	"Order Placed Successfully"	);
INSERT INTO orders_details (sku,size,quantity,status) values 	(	123	,	"Small"	,	1	,	"Order Placed Successfully"	);
INSERT INTO orders_details (sku,size,quantity,status) values 	(	123	,	"Medium"	,	2	,	"Order Placed Successfully"	);
INSERT INTO orders_details (sku,size,quantity,status) values 	(	123	,	"Large"	,	3	,	"Order Placed Successfully"	);
INSERT INTO orders_details (sku,size,quantity,status) values 	(	123	,	"X-Large"	,	4	,	"Order Placed Successfully"	);
INSERT INTO orders_details (sku,size,quantity,status) values 	(	124	,	"Small"	,	3	,	"Order Placed Successfully"	);
INSERT INTO orders_details (sku,size,quantity,status) values 	(	124	,	"Medium"	,	4	,	"Order Placed Successfully"	);
INSERT INTO orders_details (sku,size,quantity,status) values 	(	124	,	"Large"	,	5	,	"Order Placed Successfully"	);
INSERT INTO orders_details (sku,size,quantity,status) values 	(	124	,	"X-Large"	,	6	,	"Order Placed Successfully"	);
INSERT INTO orders_details (sku,size,quantity,status) values 	(	125	,	"X-Large"	,	5	,	"Order Placed Successfully"	);
INSERT INTO orders_details (sku,size,quantity,status) values 	(	125	,	"Large"	,	6	,	"Order Placed Successfully"	);
INSERT INTO orders_details (sku,size,quantity,status) values 	(	125	,	"Medium"	,	1	,	"Order Placed Successfully"	);
INSERT INTO orders_details (sku,size,quantity,status) values 	(	125	,	"Small"	,	2	,	"Order Placed Successfully"	);
INSERT INTO orders_details (sku,size,quantity,status) values 	(	126	,	"X-Large"	,	1	,	"Order Placed Successfully"	);
INSERT INTO orders_details (sku,size,quantity,status) values 	(	126	,	"Small"	,	2	,	"Order Placed Successfully"	);
INSERT INTO orders_details (sku,size,quantity,status) values 	(	126	,	"Medium"	,	3	,	"Order Placed Successfully"	);
INSERT INTO orders_details (sku,size,quantity,status) values 	(	126	,	"Large"	,	4	,	"Order Placed Successfully"	);
INSERT INTO orders_details (sku,size,quantity,status) values 	(	127	,	"Small"	,	3	,	"Order Placed Successfully"	);
INSERT INTO orders_details (sku,size,quantity,status) values 	(	127	,	"Medium"	,	4	,	"Order Placed Successfully"	);
INSERT INTO orders_details (sku,size,quantity,status) values 	(	127	,	"Large"	,	5	,	"Order Placed Successfully"	);
INSERT INTO orders_details (sku,size,quantity,status) values 	(	127	,	"X-Large"	,	6	,	"Order Placed Successfully"	);
INSERT INTO orders_details (sku,size,quantity,status) values 	(	128	,	"X-Large"	,	5	,	"Order Placed Successfully"	);
INSERT INTO orders_details (sku,size,quantity,status) values 	(	128	,	"Large"	,	6	,	"Order Placed Successfully"	);
INSERT INTO orders_details (sku,size,quantity,status) values 	(	128	,	"Medium"	,	1	,	"Order Placed Successfully"	);
INSERT INTO orders_details (sku,size,quantity,status) values 	(	128	,	"Small"	,	2	,	"Order Placed Successfully"	);
INSERT INTO orders_details (sku,size,quantity,status) values 	(	129	,	"Small"	,	1	,	"Order Placed Successfully"	);
INSERT INTO orders_details (sku,size,quantity,status) values 	(	129	,	"Medium"	,	2	,	"Order Placed Successfully"	);
INSERT INTO orders_details (sku,size,quantity,status) values 	(	129	,	"Large"	,	3	,	"Order Placed Successfully"	);
INSERT INTO orders_details (sku,size,quantity,status) values 	(	129	,	"X-Large"	,	4	,	"Order Placed Successfully"	);
INSERT INTO orders_details (sku,size,quantity,status) values 	(	130	,	"Small"	,	3	,	"Order Placed Successfully"	);
INSERT INTO orders_details (sku,size,quantity,status) values 	(	130	,	"Medium"	,	4	,	"Order Placed Successfully"	);
INSERT INTO orders_details (sku,size,quantity,status) values 	(	130	,	"Large"	,	5	,	"Order Placed Successfully"	);
INSERT INTO orders_details (sku,size,quantity,status) values 	(	130	,	"X-Large"	,	6	,	"Order Placed Successfully"	);
INSERT INTO orders_details (sku,size,quantity,status) values 	(	131	,	"Small"	,	5	,	"Order Placed Successfully"	);
INSERT INTO orders_details (sku,size,quantity,status) values 	(	131	,	"Medium"	,	6	,	"Order Placed Successfully"	);
INSERT INTO orders_details (sku,size,quantity,status) values 	(	131	,	"Large"	,	1	,	"Order Placed Successfully"	);
INSERT INTO orders_details (sku,size,quantity,status) values 	(	131	,	"X-Large"	,	2	,	"Order Placed Successfully"	);
INSERT INTO orders_details (sku,size,quantity,status) values 	(	132	,	"Large"	,	1	,	"Order Placed Successfully"	);
INSERT INTO orders_details (sku,size,quantity,status) values 	(	132	,	"Medium"	,	2	,	"Order Placed Successfully"	);
INSERT INTO orders_details (sku,size,quantity,status) values 	(	132	,	"Small"	,	3	,	"Order Placed Successfully"	);
INSERT INTO orders_details (sku,size,quantity,status) values 	(	132	,	"X-Large"	,	4	,	"Delivered"	);
INSERT INTO orders_details (sku,size,quantity,status) values 	(	101	,	"Small"	,	5	,	"Order Processed"	);
INSERT INTO orders_details (sku,size,quantity,status) values 	(	101	,	"X-Large"	,	6	,	"Order Processed"	);
INSERT INTO orders_details (sku,size,quantity,status) values 	(	101	,	"Large"	,	1	,	"Order Processed"	);
INSERT INTO orders_details (sku,size,quantity,status) values 	(	101	,	"Medium"	,	2	,	"Order Processed"	);
INSERT INTO orders_details (sku,size,quantity,status) values 	(	102	,	"Small"	,	1	,	"Order Processed"	);
INSERT INTO orders_details (sku,size,quantity,status) values 	(	102	,	"Medium"	,	2	,	"Order Processed"	);
INSERT INTO orders_details (sku,size,quantity,status) values 	(	102	,	"X-Large"	,	3	,	"Order Processed"	);
INSERT INTO orders_details (sku,size,quantity,status) values 	(	102	,	"Large"	,	4	,	"Order Processed"	);
INSERT INTO orders_details (sku,size,quantity,status) values 	(	103	,	"Small"	,	3	,	"Order Processed"	);
INSERT INTO orders_details (sku,size,quantity,status) values 	(	103	,	"Medium"	,	4	,	"Order Processed"	);
INSERT INTO orders_details (sku,size,quantity,status) values 	(	103	,	"Large"	,	5	,	"Order Processed"	);
INSERT INTO orders_details (sku,size,quantity,status) values 	(	103	,	"X-Large"	,	6	,	"Order Processed"	);
INSERT INTO orders_details (sku,size,quantity,status) values 	(	104	,	"Small"	,	5	,	"Order Processed"	);
INSERT INTO orders_details (sku,size,quantity,status) values 	(	104	,	"Medium"	,	6	,	"Order Processed"	);
INSERT INTO orders_details (sku,size,quantity,status) values 	(	104	,	"Large"	,	1	,	"Order Processed"	);
INSERT INTO orders_details (sku,size,quantity,status) values 	(	104	,	"X-Large"	,	2	,	"Order Processed"	);
INSERT INTO orders_details (sku,size,quantity,status) values 	(	105	,	"X-Large"	,	1	,	"Order Processed"	);
INSERT INTO orders_details (sku,size,quantity,status) values 	(	105	,	"Large"	,	2	,	"Order Processed"	);
INSERT INTO orders_details (sku,size,quantity,status) values 	(	105	,	"Medium"	,	3	,	"Order Processed"	);
INSERT INTO orders_details (sku,size,quantity,status) values 	(	105	,	"Small"	,	4	,	"Shipped"	);
INSERT INTO orders_details (sku,size,quantity,status) values 	(	106	,	"Small"	,	3	,	"Shipped"	);
INSERT INTO orders_details (sku,size,quantity,status) values 	(	106	,	"Medium"	,	4	,	"Shipped"	);
INSERT INTO orders_details (sku,size,quantity,status) values 	(	106	,	"Large"	,	5	,	"Shipped"	);
INSERT INTO orders_details (sku,size,quantity,status) values 	(	106	,	"X-Large"	,	6	,	"Shipped"	);
INSERT INTO orders_details (sku,size,quantity,status) values 	(	107	,	"X-Large"	,	5	,	"Shipped"	);
INSERT INTO orders_details (sku,size,quantity,status) values 	(	107	,	"Large"	,	6	,	"Shipped"	);
INSERT INTO orders_details (sku,size,quantity,status) values 	(	107	,	"Medium"	,	1	,	"Shipped"	);
INSERT INTO orders_details (sku,size,quantity,status) values 	(	107	,	"Small"	,	2	,	"Shipped"	);
INSERT INTO orders_details (sku,size,quantity,status) values 	(	108	,	"Small"	,	1	,	"Shipped"	);
INSERT INTO orders_details (sku,size,quantity,status) values 	(	108	,	"Medium"	,	2	,	"Shipped"	);
INSERT INTO orders_details (sku,size,quantity,status) values 	(	108	,	"Large"	,	3	,	"Shipped"	);
INSERT INTO orders_details (sku,size,quantity,status) values 	(	108	,	"X-Large"	,	4	,	"Shipped"	);
INSERT INTO orders_details (sku,size,quantity,status) values 	(	109	,	"X-Large"	,	3	,	"Delivered"	);
INSERT INTO orders_details (sku,size,quantity,status) values 	(	109	,	"Large"	,	4	,	"Delivered"	);
INSERT INTO orders_details (sku,size,quantity,status) values 	(	109	,	"Medium"	,	5	,	"Delivered"	);
INSERT INTO orders_details (sku,size,quantity,status) values 	(	109	,	"Small"	,	6	,	"Delivered"	);
INSERT INTO orders_details (sku,size,quantity,status) values 	(	110	,	"Small"	,	5	,	"Delivered"	);
INSERT INTO orders_details (sku,size,quantity,status) values 	(	110	,	"Medium"	,	6	,	"Delivered"	);
INSERT INTO orders_details (sku,size,quantity,status) values 	(	110	,	"Large"	,	1	,	"Delivered"	);
INSERT INTO orders_details (sku,size,quantity,status) values 	(	110	,	"X-Large"	,	2	,	"Delivered"	);
INSERT INTO orders_details (sku,size,quantity,status) values 	(	111	,	"X-Large"	,	1	,	"Delivered"	);
INSERT INTO orders_details (sku,size,quantity,status) values 	(	111	,	"Large"	,	2	,	"Delivered"	);
INSERT INTO orders_details (sku,size,quantity,status) values 	(	111	,	"Medium"	,	3	,	"Delivered"	);
INSERT INTO orders_details (sku,size,quantity,status) values 	(	111	,	"Small"	,	4	,	"Delivered"	);
INSERT INTO orders_details (sku,size,quantity,status) values 	(	112	,	"Small"	,	3	,	"Delivered"	);
INSERT INTO orders_details (sku,size,quantity,status) values 	(	112	,	"Medium"	,	4	,	"Delivered"	);
INSERT INTO orders_details (sku,size,quantity,status) values 	(	112	,	"Large"	,	5	,	"Delivered"	);
INSERT INTO orders_details (sku,size,quantity,status) values 	(	112	,	"X-Large"	,	6	,	"Delivered"	);
INSERT INTO orders_details (sku,size,quantity,status) values 	(	113	,	"X-Large"	,	5	,	"Delivered"	);
INSERT INTO orders_details (sku,size,quantity,status) values 	(	113	,	"Large"	,	6	,	"Order Placed Successfully"	);
INSERT INTO orders_details (sku,size,quantity,status) values 	(	113	,	"Medium"	,	1	,	"Order Placed Successfully"	);
INSERT INTO orders_details (sku,size,quantity,status) values 	(	113	,	"Small"	,	2	,	"Order Placed Successfully"	);
INSERT INTO orders_details (sku,size,quantity,status) values 	(	114	,	"Small"	,	1	,	"Order Placed Successfully"	);
INSERT INTO orders_details (sku,size,quantity,status) values 	(	114	,	"Medium"	,	2	,	"Order Placed Successfully"	);
INSERT INTO orders_details (sku,size,quantity,status) values 	(	114	,	"Large"	,	3	,	"Order Placed Successfully"	);
INSERT INTO orders_details (sku,size,quantity,status) values 	(	114	,	"X-Large"	,	4	,	"Order Placed Successfully"	);
INSERT INTO orders_details (sku,size,quantity,status) values 	(	115	,	"Small"	,	3	,	"Order Placed Successfully"	);
INSERT INTO orders_details (sku,size,quantity,status) values 	(	115	,	"Medium"	,	4	,	"Order Placed Successfully"	);
INSERT INTO orders_details (sku,size,quantity,status) values 	(	115	,	"Large"	,	5	,	"Order Placed Successfully"	);
INSERT INTO orders_details (sku,size,quantity,status) values 	(	115	,	"X-Large"	,	6	,	"Order Placed Successfully"	);
INSERT INTO orders_details (sku,size,quantity,status) values 	(	116	,	"X-Large"	,	5	,	"Order Placed Successfully"	);
INSERT INTO orders_details (sku,size,quantity,status) values 	(	116	,	"Large"	,	6	,	"Order Placed Successfully"	);
INSERT INTO orders_details (sku,size,quantity,status) values 	(	116	,	"Medium"	,	1	,	"Order Placed Successfully"	);
INSERT INTO orders_details (sku,size,quantity,status) values 	(	116	,	"Small"	,	2	,	"Order Placed Successfully"	);
INSERT INTO orders_details (sku,size,quantity,status) values 	(	117	,	"X-Large"	,	1	,	"Order Placed Successfully"	);
INSERT INTO orders_details (sku,size,quantity,status) values 	(	117	,	"Large"	,	2	,	"Order Placed Successfully"	);
INSERT INTO orders_details (sku,size,quantity,status) values 	(	117	,	"Medium"	,	3	,	"Order Placed Successfully"	);
INSERT INTO orders_details (sku,size,quantity,status) values 	(	117	,	"Small"	,	4	,	"Order Placed Successfully"	);
INSERT INTO orders_details (sku,size,quantity,status) values 	(	118	,	"Small"	,	3	,	"Order Placed Successfully"	);
INSERT INTO orders_details (sku,size,quantity,status) values 	(	118	,	"Medium"	,	4	,	"Order Placed Successfully"	);
INSERT INTO orders_details (sku,size,quantity,status) values 	(	118	,	"Large"	,	5	,	"Order Placed Successfully"	);
INSERT INTO orders_details (sku,size,quantity,status) values 	(	118	,	"X-Large"	,	6	,	"Order Placed Successfully"	);
INSERT INTO orders_details (sku,size,quantity,status) values 	(	119	,	"Small"	,	5	,	"Order Placed Successfully"	);
INSERT INTO orders_details (sku,size,quantity,status) values 	(	119	,	"Medium"	,	6	,	"Order Placed Successfully"	);
INSERT INTO orders_details (sku,size,quantity,status) values 	(	119	,	"Large"	,	1	,	"Order Placed Successfully"	);
INSERT INTO orders_details (sku,size,quantity,status) values 	(	119	,	"X-Large"	,	2	,	"Order Placed Successfully"	);
INSERT INTO orders_details (sku,size,quantity,status) values 	(	120	,	"X-Large"	,	1	,	"Order Placed Successfully"	);
INSERT INTO orders_details (sku,size,quantity,status) values 	(	120	,	"Large"	,	2	,	"Order Placed Successfully"	);
INSERT INTO orders_details (sku,size,quantity,status) values 	(	120	,	"Medium"	,	3	,	"Order Placed Successfully"	);
INSERT INTO orders_details (sku,size,quantity,status) values 	(	120	,	"Small"	,	4	,	"Order Placed Successfully"	);
INSERT INTO orders_details (sku,size,quantity,status) values 	(	121	,	"Small"	,	3	,	"Order Placed Successfully"	);
INSERT INTO orders_details (sku,size,quantity,status) values 	(	121	,	"Medium"	,	4	,	"Order Placed Successfully"	);
INSERT INTO orders_details (sku,size,quantity,status) values 	(	121	,	"Large"	,	5	,	"Order Placed Successfully"	);
INSERT INTO orders_details (sku,size,quantity,status) values 	(	121	,	"X-Large"	,	6	,	"Order Placed Successfully"	);
INSERT INTO orders_details (sku,size,quantity,status) values 	(	122	,	"X-Large"	,	5	,	"Order Placed Successfully"	);
INSERT INTO orders_details (sku,size,quantity,status) values 	(	122	,	"Large"	,	6	,	"Order Placed Successfully"	);
INSERT INTO orders_details (sku,size,quantity,status) values 	(	122	,	"Medium"	,	1	,	"Order Placed Successfully"	);
INSERT INTO orders_details (sku,size,quantity,status) values 	(	122	,	"Small"	,	2	,	"Order Placed Successfully"	);
INSERT INTO orders_details (sku,size,quantity,status) values 	(	123	,	"Small"	,	1	,	"Order Placed Successfully"	);
INSERT INTO orders_details (sku,size,quantity,status) values 	(	123	,	"Medium"	,	2	,	"Order Placed Successfully"	);
INSERT INTO orders_details (sku,size,quantity,status) values 	(	123	,	"Large"	,	3	,	"Order Placed Successfully"	);
INSERT INTO orders_details (sku,size,quantity,status) values 	(	123	,	"X-Large"	,	4	,	"Order Placed Successfully"	);
INSERT INTO orders_details (sku,size,quantity,status) values 	(	124	,	"Small"	,	3	,	"Order Placed Successfully"	);
INSERT INTO orders_details (sku,size,quantity,status) values 	(	124	,	"Medium"	,	4	,	"Order Placed Successfully"	);
INSERT INTO orders_details (sku,size,quantity,status) values 	(	124	,	"Large"	,	5	,	"Order Placed Successfully"	);
INSERT INTO orders_details (sku,size,quantity,status) values 	(	124	,	"X-Large"	,	6	,	"Order Placed Successfully"	);
INSERT INTO orders_details (sku,size,quantity,status) values 	(	125	,	"X-Large"	,	5	,	"Order Placed Successfully"	);
INSERT INTO orders_details (sku,size,quantity,status) values 	(	125	,	"Large"	,	6	,	"Order Placed Successfully"	);
INSERT INTO orders_details (sku,size,quantity,status) values 	(	125	,	"Medium"	,	1	,	"Order Placed Successfully"	);
INSERT INTO orders_details (sku,size,quantity,status) values 	(	125	,	"Small"	,	2	,	"Order Placed Successfully"	);
INSERT INTO orders_details (sku,size,quantity,status) values 	(	126	,	"X-Large"	,	1	,	"Order Placed Successfully"	);
INSERT INTO orders_details (sku,size,quantity,status) values 	(	126	,	"Small"	,	2	,	"Order Placed Successfully"	);
INSERT INTO orders_details (sku,size,quantity,status) values 	(	126	,	"Medium"	,	3	,	"Order Placed Successfully"	);
INSERT INTO orders_details (sku,size,quantity,status) values 	(	126	,	"Large"	,	4	,	"Order Placed Successfully"	);
INSERT INTO orders_details (sku,size,quantity,status) values 	(	127	,	"Small"	,	3	,	"Order Placed Successfully"	);
INSERT INTO orders_details (sku,size,quantity,status) values 	(	127	,	"Medium"	,	4	,	"Order Placed Successfully"	);
INSERT INTO orders_details (sku,size,quantity,status) values 	(	127	,	"Large"	,	5	,	"Order Placed Successfully"	);
INSERT INTO orders_details (sku,size,quantity,status) values 	(	127	,	"X-Large"	,	6	,	"Order Placed Successfully"	);
INSERT INTO orders_details (sku,size,quantity,status) values 	(	128	,	"X-Large"	,	5	,	"Order Placed Successfully"	);
INSERT INTO orders_details (sku,size,quantity,status) values 	(	128	,	"Large"	,	6	,	"Order Placed Successfully"	);
INSERT INTO orders_details (sku,size,quantity,status) values 	(	128	,	"Medium"	,	1	,	"Order Placed Successfully"	);
INSERT INTO orders_details (sku,size,quantity,status) values 	(	128	,	"Small"	,	2	,	"Order Placed Successfully"	);
INSERT INTO orders_details (sku,size,quantity,status) values 	(	129	,	"Small"	,	1	,	"Order Placed Successfully"	);
INSERT INTO orders_details (sku,size,quantity,status) values 	(	129	,	"Medium"	,	2	,	"Order Placed Successfully"	);
INSERT INTO orders_details (sku,size,quantity,status) values 	(	129	,	"Large"	,	3	,	"Order Placed Successfully"	);
INSERT INTO orders_details (sku,size,quantity,status) values 	(	129	,	"X-Large"	,	4	,	"Order Placed Successfully"	);
INSERT INTO orders_details (sku,size,quantity,status) values 	(	130	,	"Small"	,	3	,	"Order Placed Successfully"	);
INSERT INTO orders_details (sku,size,quantity,status) values 	(	130	,	"Medium"	,	4	,	"Order Placed Successfully"	);
INSERT INTO orders_details (sku,size,quantity,status) values 	(	130	,	"Large"	,	5	,	"Order Placed Successfully"	);
INSERT INTO orders_details (sku,size,quantity,status) values 	(	130	,	"X-Large"	,	6	,	"Order Placed Successfully"	);
INSERT INTO orders_details (sku,size,quantity,status) values 	(	131	,	"Small"	,	5	,	"Order Placed Successfully"	);
INSERT INTO orders_details (sku,size,quantity,status) values 	(	131	,	"Medium"	,	6	,	"Order Placed Successfully"	);
INSERT INTO orders_details (sku,size,quantity,status) values 	(	131	,	"Large"	,	1	,	"Order Placed Successfully"	);
INSERT INTO orders_details (sku,size,quantity,status) values 	(	131	,	"X-Large"	,	2	,	"Order Placed Successfully"	);
INSERT INTO orders_details (sku,size,quantity,status) values 	(	132	,	"Large"	,	1	,	"Order Placed Successfully"	);
INSERT INTO orders_details (sku,size,quantity,status) values 	(	132	,	"Medium"	,	2	,	"Order Placed Successfully"	);
INSERT INTO orders_details (sku,size,quantity,status) values 	(	132	,	"Small"	,	3	,	"Order Placed Successfully"	);
INSERT INTO orders_details (sku,size,quantity,status) values 	(	132	,	"X-Large"	,	4	,	"Delivered"	);
INSERT INTO orders_details (sku,size,quantity,status) values 	(	101	,	"Small"	,	5	,	"Order Processed"	);
INSERT INTO orders_details (sku,size,quantity,status) values 	(	101	,	"X-Large"	,	6	,	"Order Processed"	);
INSERT INTO orders_details (sku,size,quantity,status) values 	(	101	,	"Large"	,	1	,	"Order Processed"	);
INSERT INTO orders_details (sku,size,quantity,status) values 	(	101	,	"Medium"	,	2	,	"Order Processed"	);
INSERT INTO orders_details (sku,size,quantity,status) values 	(	102	,	"Small"	,	1	,	"Order Processed"	);
INSERT INTO orders_details (sku,size,quantity,status) values 	(	102	,	"Medium"	,	2	,	"Order Processed"	);
INSERT INTO orders_details (sku,size,quantity,status) values 	(	102	,	"X-Large"	,	3	,	"Order Processed"	);
INSERT INTO orders_details (sku,size,quantity,status) values 	(	102	,	"Large"	,	4	,	"Order Processed"	);
INSERT INTO orders_details (sku,size,quantity,status) values 	(	103	,	"Small"	,	3	,	"Order Processed"	);
INSERT INTO orders_details (sku,size,quantity,status) values 	(	103	,	"Medium"	,	4	,	"Order Processed"	);
INSERT INTO orders_details (sku,size,quantity,status) values 	(	103	,	"Large"	,	5	,	"Order Processed"	);
INSERT INTO orders_details (sku,size,quantity,status) values 	(	103	,	"X-Large"	,	6	,	"Order Processed"	);
INSERT INTO orders_details (sku,size,quantity,status) values 	(	104	,	"Small"	,	5	,	"Order Processed"	);
INSERT INTO orders_details (sku,size,quantity,status) values 	(	104	,	"Medium"	,	6	,	"Order Processed"	);
INSERT INTO orders_details (sku,size,quantity,status) values 	(	104	,	"Large"	,	1	,	"Order Processed"	);
INSERT INTO orders_details (sku,size,quantity,status) values 	(	104	,	"X-Large"	,	2	,	"Order Processed"	);
INSERT INTO orders_details (sku,size,quantity,status) values 	(	105	,	"X-Large"	,	1	,	"Order Processed"	);
INSERT INTO orders_details (sku,size,quantity,status) values 	(	105	,	"Large"	,	2	,	"Order Processed"	);
INSERT INTO orders_details (sku,size,quantity,status) values 	(	105	,	"Medium"	,	3	,	"Order Processed"	);
INSERT INTO orders_details (sku,size,quantity,status) values 	(	105	,	"Small"	,	4	,	"Shipped"	);
INSERT INTO orders_details (sku,size,quantity,status) values 	(	106	,	"Small"	,	3	,	"Shipped"	);
INSERT INTO orders_details (sku,size,quantity,status) values 	(	106	,	"Medium"	,	4	,	"Shipped"	);
INSERT INTO orders_details (sku,size,quantity,status) values 	(	106	,	"Large"	,	5	,	"Shipped"	);
INSERT INTO orders_details (sku,size,quantity,status) values 	(	106	,	"X-Large"	,	6	,	"Shipped"	);
INSERT INTO orders_details (sku,size,quantity,status) values 	(	107	,	"X-Large"	,	5	,	"Shipped"	);
INSERT INTO orders_details (sku,size,quantity,status) values 	(	107	,	"Large"	,	6	,	"Shipped"	);
INSERT INTO orders_details (sku,size,quantity,status) values 	(	107	,	"Medium"	,	1	,	"Shipped"	);
INSERT INTO orders_details (sku,size,quantity,status) values 	(	107	,	"Small"	,	2	,	"Shipped"	);
INSERT INTO orders_details (sku,size,quantity,status) values 	(	108	,	"Small"	,	1	,	"Shipped"	);
INSERT INTO orders_details (sku,size,quantity,status) values 	(	108	,	"Medium"	,	2	,	"Shipped"	);
INSERT INTO orders_details (sku,size,quantity,status) values 	(	108	,	"Large"	,	3	,	"Shipped"	);
INSERT INTO orders_details (sku,size,quantity,status) values 	(	108	,	"X-Large"	,	4	,	"Shipped"	);
INSERT INTO orders_details (sku,size,quantity,status) values 	(	109	,	"X-Large"	,	3	,	"Delivered"	);
INSERT INTO orders_details (sku,size,quantity,status) values 	(	109	,	"Large"	,	4	,	"Delivered"	);
INSERT INTO orders_details (sku,size,quantity,status) values 	(	109	,	"Medium"	,	5	,	"Delivered"	);
INSERT INTO orders_details (sku,size,quantity,status) values 	(	109	,	"Small"	,	6	,	"Delivered"	);
INSERT INTO orders_details (sku,size,quantity,status) values 	(	110	,	"Small"	,	5	,	"Delivered"	);
INSERT INTO orders_details (sku,size,quantity,status) values 	(	110	,	"Medium"	,	6	,	"Delivered"	);
INSERT INTO orders_details (sku,size,quantity,status) values 	(	110	,	"Large"	,	1	,	"Delivered"	);
INSERT INTO orders_details (sku,size,quantity,status) values 	(	110	,	"X-Large"	,	2	,	"Delivered"	);
INSERT INTO orders_details (sku,size,quantity,status) values 	(	111	,	"X-Large"	,	1	,	"Delivered"	);
INSERT INTO orders_details (sku,size,quantity,status) values 	(	111	,	"Large"	,	2	,	"Delivered"	);
INSERT INTO orders_details (sku,size,quantity,status) values 	(	111	,	"Medium"	,	3	,	"Delivered"	);
INSERT INTO orders_details (sku,size,quantity,status) values 	(	111	,	"Small"	,	4	,	"Delivered"	);
INSERT INTO orders_details (sku,size,quantity,status) values 	(	112	,	"Small"	,	3	,	"Delivered"	);
INSERT INTO orders_details (sku,size,quantity,status) values 	(	112	,	"Medium"	,	4	,	"Delivered"	);
INSERT INTO orders_details (sku,size,quantity,status) values 	(	112	,	"Large"	,	5	,	"Delivered"	);
INSERT INTO orders_details (sku,size,quantity,status) values 	(	112	,	"X-Large"	,	6	,	"Delivered"	);
INSERT INTO orders_details (sku,size,quantity,status) values 	(	113	,	"X-Large"	,	5	,	"Delivered"	);
INSERT INTO orders_details (sku,size,quantity,status) values 	(	113	,	"Large"	,	6	,	"Order Placed Successfully"	);
INSERT INTO orders_details (sku,size,quantity,status) values 	(	113	,	"Medium"	,	1	,	"Order Placed Successfully"	);
INSERT INTO orders_details (sku,size,quantity,status) values 	(	113	,	"Small"	,	2	,	"Order Placed Successfully"	);
INSERT INTO orders_details (sku,size,quantity,status) values 	(	114	,	"Small"	,	1	,	"Order Placed Successfully"	);
INSERT INTO orders_details (sku,size,quantity,status) values 	(	114	,	"Medium"	,	2	,	"Order Placed Successfully"	);
INSERT INTO orders_details (sku,size,quantity,status) values 	(	114	,	"Large"	,	3	,	"Order Placed Successfully"	);
INSERT INTO orders_details (sku,size,quantity,status) values 	(	114	,	"X-Large"	,	4	,	"Order Placed Successfully"	);
INSERT INTO orders_details (sku,size,quantity,status) values 	(	115	,	"Small"	,	3	,	"Order Placed Successfully"	);
INSERT INTO orders_details (sku,size,quantity,status) values 	(	115	,	"Medium"	,	4	,	"Order Placed Successfully"	);
INSERT INTO orders_details (sku,size,quantity,status) values 	(	115	,	"Large"	,	5	,	"Order Placed Successfully"	);
INSERT INTO orders_details (sku,size,quantity,status) values 	(	115	,	"X-Large"	,	6	,	"Order Placed Successfully"	);
INSERT INTO orders_details (sku,size,quantity,status) values 	(	116	,	"X-Large"	,	5	,	"Order Placed Successfully"	);
INSERT INTO orders_details (sku,size,quantity,status) values 	(	116	,	"Large"	,	6	,	"Order Placed Successfully"	);
INSERT INTO orders_details (sku,size,quantity,status) values 	(	116	,	"Medium"	,	1	,	"Order Placed Successfully"	);
INSERT INTO orders_details (sku,size,quantity,status) values 	(	116	,	"Small"	,	2	,	"Order Placed Successfully"	);
INSERT INTO orders_details (sku,size,quantity,status) values 	(	117	,	"X-Large"	,	1	,	"Order Placed Successfully"	);
INSERT INTO orders_details (sku,size,quantity,status) values 	(	117	,	"Large"	,	2	,	"Order Placed Successfully"	);
INSERT INTO orders_details (sku,size,quantity,status) values 	(	117	,	"Medium"	,	3	,	"Order Placed Successfully"	);
INSERT INTO orders_details (sku,size,quantity,status) values 	(	117	,	"Small"	,	4	,	"Order Placed Successfully"	);
INSERT INTO orders_details (sku,size,quantity,status) values 	(	118	,	"Small"	,	3	,	"Order Placed Successfully"	);
INSERT INTO orders_details (sku,size,quantity,status) values 	(	118	,	"Medium"	,	4	,	"Order Placed Successfully"	);
INSERT INTO orders_details (sku,size,quantity,status) values 	(	118	,	"Large"	,	5	,	"Order Placed Successfully"	);
INSERT INTO orders_details (sku,size,quantity,status) values 	(	118	,	"X-Large"	,	6	,	"Order Placed Successfully"	);
INSERT INTO orders_details (sku,size,quantity,status) values 	(	119	,	"Small"	,	5	,	"Order Placed Successfully"	);
INSERT INTO orders_details (sku,size,quantity,status) values 	(	119	,	"Medium"	,	6	,	"Order Placed Successfully"	);
INSERT INTO orders_details (sku,size,quantity,status) values 	(	119	,	"Large"	,	1	,	"Order Placed Successfully"	);
INSERT INTO orders_details (sku,size,quantity,status) values 	(	119	,	"X-Large"	,	2	,	"Order Placed Successfully"	);
INSERT INTO orders_details (sku,size,quantity,status) values 	(	120	,	"X-Large"	,	1	,	"Order Placed Successfully"	);
INSERT INTO orders_details (sku,size,quantity,status) values 	(	120	,	"Large"	,	2	,	"Order Placed Successfully"	);
INSERT INTO orders_details (sku,size,quantity,status) values 	(	120	,	"Medium"	,	3	,	"Order Placed Successfully"	);
INSERT INTO orders_details (sku,size,quantity,status) values 	(	120	,	"Small"	,	4	,	"Order Placed Successfully"	);
INSERT INTO orders_details (sku,size,quantity,status) values 	(	121	,	"Small"	,	3	,	"Order Placed Successfully"	);
INSERT INTO orders_details (sku,size,quantity,status) values 	(	121	,	"Medium"	,	4	,	"Order Placed Successfully"	);
INSERT INTO orders_details (sku,size,quantity,status) values 	(	121	,	"Large"	,	5	,	"Order Placed Successfully"	);
INSERT INTO orders_details (sku,size,quantity,status) values 	(	121	,	"X-Large"	,	6	,	"Order Placed Successfully"	);
INSERT INTO orders_details (sku,size,quantity,status) values 	(	122	,	"X-Large"	,	5	,	"Order Placed Successfully"	);
INSERT INTO orders_details (sku,size,quantity,status) values 	(	122	,	"Large"	,	6	,	"Order Placed Successfully"	);
INSERT INTO orders_details (sku,size,quantity,status) values 	(	122	,	"Medium"	,	1	,	"Order Placed Successfully"	);
INSERT INTO orders_details (sku,size,quantity,status) values 	(	122	,	"Small"	,	2	,	"Order Placed Successfully"	);
INSERT INTO orders_details (sku,size,quantity,status) values 	(	123	,	"Small"	,	1	,	"Order Placed Successfully"	);
INSERT INTO orders_details (sku,size,quantity,status) values 	(	123	,	"Medium"	,	2	,	"Order Placed Successfully"	);
INSERT INTO orders_details (sku,size,quantity,status) values 	(	123	,	"Large"	,	3	,	"Order Placed Successfully"	);
INSERT INTO orders_details (sku,size,quantity,status) values 	(	123	,	"X-Large"	,	4	,	"Order Placed Successfully"	);
INSERT INTO orders_details (sku,size,quantity,status) values 	(	124	,	"Small"	,	3	,	"Order Placed Successfully"	);
INSERT INTO orders_details (sku,size,quantity,status) values 	(	124	,	"Medium"	,	4	,	"Order Placed Successfully"	);
INSERT INTO orders_details (sku,size,quantity,status) values 	(	124	,	"Large"	,	5	,	"Order Placed Successfully"	);
INSERT INTO orders_details (sku,size,quantity,status) values 	(	124	,	"X-Large"	,	6	,	"Order Placed Successfully"	);
INSERT INTO orders_details (sku,size,quantity,status) values 	(	125	,	"X-Large"	,	5	,	"Order Placed Successfully"	);
INSERT INTO orders_details (sku,size,quantity,status) values 	(	125	,	"Large"	,	6	,	"Order Placed Successfully"	);
INSERT INTO orders_details (sku,size,quantity,status) values 	(	125	,	"Medium"	,	1	,	"Order Placed Successfully"	);
INSERT INTO orders_details (sku,size,quantity,status) values 	(	125	,	"Small"	,	2	,	"Order Placed Successfully"	);
INSERT INTO orders_details (sku,size,quantity,status) values 	(	126	,	"X-Large"	,	1	,	"Order Placed Successfully"	);
INSERT INTO orders_details (sku,size,quantity,status) values 	(	126	,	"Small"	,	2	,	"Order Placed Successfully"	);
INSERT INTO orders_details (sku,size,quantity,status) values 	(	126	,	"Medium"	,	3	,	"Order Placed Successfully"	);
INSERT INTO orders_details (sku,size,quantity,status) values 	(	126	,	"Large"	,	4	,	"Order Placed Successfully"	);
INSERT INTO orders_details (sku,size,quantity,status) values 	(	127	,	"Small"	,	3	,	"Order Placed Successfully"	);
INSERT INTO orders_details (sku,size,quantity,status) values 	(	127	,	"Medium"	,	4	,	"Order Placed Successfully"	);
INSERT INTO orders_details (sku,size,quantity,status) values 	(	127	,	"Large"	,	5	,	"Order Placed Successfully"	);
INSERT INTO orders_details (sku,size,quantity,status) values 	(	127	,	"X-Large"	,	6	,	"Order Placed Successfully"	);
INSERT INTO orders_details (sku,size,quantity,status) values 	(	128	,	"X-Large"	,	5	,	"Order Placed Successfully"	);
INSERT INTO orders_details (sku,size,quantity,status) values 	(	128	,	"Large"	,	6	,	"Order Placed Successfully"	);
INSERT INTO orders_details (sku,size,quantity,status) values 	(	128	,	"Medium"	,	1	,	"Order Placed Successfully"	);
INSERT INTO orders_details (sku,size,quantity,status) values 	(	128	,	"Small"	,	2	,	"Order Placed Successfully"	);
INSERT INTO orders_details (sku,size,quantity,status) values 	(	129	,	"Small"	,	1	,	"Order Placed Successfully"	);
INSERT INTO orders_details (sku,size,quantity,status) values 	(	129	,	"Medium"	,	2	,	"Order Placed Successfully"	);
INSERT INTO orders_details (sku,size,quantity,status) values 	(	129	,	"Large"	,	3	,	"Order Placed Successfully"	);
INSERT INTO orders_details (sku,size,quantity,status) values 	(	129	,	"X-Large"	,	4	,	"Order Placed Successfully"	);
INSERT INTO orders_details (sku,size,quantity,status) values 	(	130	,	"Small"	,	3	,	"Order Placed Successfully"	);
INSERT INTO orders_details (sku,size,quantity,status) values 	(	130	,	"Medium"	,	4	,	"Order Placed Successfully"	);
INSERT INTO orders_details (sku,size,quantity,status) values 	(	130	,	"Large"	,	5	,	"Order Placed Successfully"	);
INSERT INTO orders_details (sku,size,quantity,status) values 	(	130	,	"X-Large"	,	6	,	"Order Placed Successfully"	);
INSERT INTO orders_details (sku,size,quantity,status) values 	(	131	,	"Small"	,	5	,	"Order Placed Successfully"	);
INSERT INTO orders_details (sku,size,quantity,status) values 	(	131	,	"Medium"	,	6	,	"Order Placed Successfully"	);
INSERT INTO orders_details (sku,size,quantity,status) values 	(	131	,	"Large"	,	1	,	"Order Placed Successfully"	);
INSERT INTO orders_details (sku,size,quantity,status) values 	(	131	,	"X-Large"	,	2	,	"Order Placed Successfully"	);
INSERT INTO orders_details (sku,size,quantity,status) values 	(	132	,	"Large"	,	1	,	"Order Placed Successfully"	);
INSERT INTO orders_details (sku,size,quantity,status) values 	(	132	,	"Medium"	,	2	,	"Order Placed Successfully"	);
INSERT INTO orders_details (sku,size,quantity,status) values 	(	132	,	"Small"	,	3	,	"Order Placed Successfully"	);
INSERT INTO orders_details (sku,size,quantity,status) values 	(	132	,	"X-Large"	,	4	,	"Delivered"	);
INSERT INTO orders_details (sku,size,quantity,status) values 	(	101	,	"Small"	,	5	,	"Order Processed"	);
INSERT INTO orders_details (sku,size,quantity,status) values 	(	101	,	"X-Large"	,	6	,	"Order Processed"	);
INSERT INTO orders_details (sku,size,quantity,status) values 	(	101	,	"Large"	,	1	,	"Order Processed"	);
INSERT INTO orders_details (sku,size,quantity,status) values 	(	101	,	"Medium"	,	2	,	"Order Processed"	);
INSERT INTO orders_details (sku,size,quantity,status) values 	(	102	,	"Small"	,	1	,	"Order Processed"	);
INSERT INTO orders_details (sku,size,quantity,status) values 	(	102	,	"Medium"	,	2	,	"Order Processed"	);
INSERT INTO orders_details (sku,size,quantity,status) values 	(	102	,	"X-Large"	,	3	,	"Order Processed"	);
INSERT INTO orders_details (sku,size,quantity,status) values 	(	102	,	"Large"	,	4	,	"Order Processed"	);
INSERT INTO orders_details (sku,size,quantity,status) values 	(	103	,	"Small"	,	3	,	"Order Processed"	);
INSERT INTO orders_details (sku,size,quantity,status) values 	(	103	,	"Medium"	,	4	,	"Order Processed"	);
INSERT INTO orders_details (sku,size,quantity,status) values 	(	103	,	"Large"	,	5	,	"Order Processed"	);
INSERT INTO orders_details (sku,size,quantity,status) values 	(	103	,	"X-Large"	,	6	,	"Order Processed"	);
INSERT INTO orders_details (sku,size,quantity,status) values 	(	104	,	"Small"	,	5	,	"Order Processed"	);
INSERT INTO orders_details (sku,size,quantity,status) values 	(	104	,	"Medium"	,	6	,	"Order Processed"	);
INSERT INTO orders_details (sku,size,quantity,status) values 	(	104	,	"Large"	,	1	,	"Order Processed"	);
INSERT INTO orders_details (sku,size,quantity,status) values 	(	104	,	"X-Large"	,	2	,	"Order Processed"	);
INSERT INTO orders_details (sku,size,quantity,status) values 	(	105	,	"X-Large"	,	1	,	"Order Processed"	);
INSERT INTO orders_details (sku,size,quantity,status) values 	(	105	,	"Large"	,	2	,	"Order Processed"	);
INSERT INTO orders_details (sku,size,quantity,status) values 	(	105	,	"Medium"	,	3	,	"Order Processed"	);
INSERT INTO orders_details (sku,size,quantity,status) values 	(	105	,	"Small"	,	4	,	"Shipped"	);
INSERT INTO orders_details (sku,size,quantity,status) values 	(	106	,	"Small"	,	3	,	"Shipped"	);
INSERT INTO orders_details (sku,size,quantity,status) values 	(	106	,	"Medium"	,	4	,	"Shipped"	);
INSERT INTO orders_details (sku,size,quantity,status) values 	(	106	,	"Large"	,	5	,	"Shipped"	);
INSERT INTO orders_details (sku,size,quantity,status) values 	(	106	,	"X-Large"	,	6	,	"Shipped"	);
INSERT INTO orders_details (sku,size,quantity,status) values 	(	107	,	"X-Large"	,	5	,	"Shipped"	);
INSERT INTO orders_details (sku,size,quantity,status) values 	(	107	,	"Large"	,	6	,	"Shipped"	);
INSERT INTO orders_details (sku,size,quantity,status) values 	(	107	,	"Medium"	,	1	,	"Shipped"	);
INSERT INTO orders_details (sku,size,quantity,status) values 	(	107	,	"Small"	,	2	,	"Shipped"	);
INSERT INTO orders_details (sku,size,quantity,status) values 	(	108	,	"Small"	,	1	,	"Shipped"	);
INSERT INTO orders_details (sku,size,quantity,status) values 	(	108	,	"Medium"	,	2	,	"Shipped"	);
INSERT INTO orders_details (sku,size,quantity,status) values 	(	108	,	"Large"	,	3	,	"Shipped"	);
INSERT INTO orders_details (sku,size,quantity,status) values 	(	108	,	"X-Large"	,	4	,	"Shipped"	);
INSERT INTO orders_details (sku,size,quantity,status) values 	(	109	,	"X-Large"	,	3	,	"Delivered"	);
INSERT INTO orders_details (sku,size,quantity,status) values 	(	109	,	"Large"	,	4	,	"Delivered"	);
INSERT INTO orders_details (sku,size,quantity,status) values 	(	109	,	"Medium"	,	5	,	"Delivered"	);
INSERT INTO orders_details (sku,size,quantity,status) values 	(	109	,	"Small"	,	6	,	"Delivered"	);
INSERT INTO orders_details (sku,size,quantity,status) values 	(	110	,	"Small"	,	5	,	"Delivered"	);
INSERT INTO orders_details (sku,size,quantity,status) values 	(	110	,	"Medium"	,	6	,	"Delivered"	);
INSERT INTO orders_details (sku,size,quantity,status) values 	(	110	,	"Large"	,	1	,	"Delivered"	);
INSERT INTO orders_details (sku,size,quantity,status) values 	(	110	,	"X-Large"	,	2	,	"Delivered"	);
INSERT INTO orders_details (sku,size,quantity,status) values 	(	111	,	"X-Large"	,	1	,	"Delivered"	);
INSERT INTO orders_details (sku,size,quantity,status) values 	(	111	,	"Large"	,	2	,	"Delivered"	);
INSERT INTO orders_details (sku,size,quantity,status) values 	(	111	,	"Medium"	,	3	,	"Delivered"	);
INSERT INTO orders_details (sku,size,quantity,status) values 	(	111	,	"Small"	,	4	,	"Delivered"	);
INSERT INTO orders_details (sku,size,quantity,status) values 	(	112	,	"Small"	,	3	,	"Delivered"	);
INSERT INTO orders_details (sku,size,quantity,status) values 	(	112	,	"Medium"	,	4	,	"Delivered"	);
INSERT INTO orders_details (sku,size,quantity,status) values 	(	112	,	"Large"	,	5	,	"Delivered"	);
INSERT INTO orders_details (sku,size,quantity,status) values 	(	112	,	"X-Large"	,	6	,	"Delivered"	);
INSERT INTO orders_details (sku,size,quantity,status) values 	(	113	,	"X-Large"	,	5	,	"Delivered"	);
INSERT INTO orders_details (sku,size,quantity,status) values 	(	113	,	"Large"	,	6	,	"Order Placed Successfully"	);
INSERT INTO orders_details (sku,size,quantity,status) values 	(	113	,	"Medium"	,	1	,	"Order Placed Successfully"	);
INSERT INTO orders_details (sku,size,quantity,status) values 	(	113	,	"Small"	,	2	,	"Order Placed Successfully"	);
INSERT INTO orders_details (sku,size,quantity,status) values 	(	114	,	"Small"	,	1	,	"Order Placed Successfully"	);
INSERT INTO orders_details (sku,size,quantity,status) values 	(	114	,	"Medium"	,	2	,	"Order Placed Successfully"	);
INSERT INTO orders_details (sku,size,quantity,status) values 	(	114	,	"Large"	,	3	,	"Order Placed Successfully"	);
INSERT INTO orders_details (sku,size,quantity,status) values 	(	114	,	"X-Large"	,	4	,	"Order Placed Successfully"	);
INSERT INTO orders_details (sku,size,quantity,status) values 	(	115	,	"Small"	,	3	,	"Order Placed Successfully"	);
INSERT INTO orders_details (sku,size,quantity,status) values 	(	115	,	"Medium"	,	4	,	"Order Placed Successfully"	);
INSERT INTO orders_details (sku,size,quantity,status) values 	(	115	,	"Large"	,	5	,	"Order Placed Successfully"	);
INSERT INTO orders_details (sku,size,quantity,status) values 	(	115	,	"X-Large"	,	6	,	"Order Placed Successfully"	);
INSERT INTO orders_details (sku,size,quantity,status) values 	(	116	,	"X-Large"	,	5	,	"Order Placed Successfully"	);
INSERT INTO orders_details (sku,size,quantity,status) values 	(	116	,	"Large"	,	6	,	"Order Placed Successfully"	);
INSERT INTO orders_details (sku,size,quantity,status) values 	(	116	,	"Medium"	,	1	,	"Order Placed Successfully"	);
INSERT INTO orders_details (sku,size,quantity,status) values 	(	116	,	"Small"	,	2	,	"Order Placed Successfully"	);
INSERT INTO orders_details (sku,size,quantity,status) values 	(	117	,	"X-Large"	,	1	,	"Order Placed Successfully"	);
INSERT INTO orders_details (sku,size,quantity,status) values 	(	117	,	"Large"	,	2	,	"Order Placed Successfully"	);
INSERT INTO orders_details (sku,size,quantity,status) values 	(	117	,	"Medium"	,	3	,	"Order Placed Successfully"	);
INSERT INTO orders_details (sku,size,quantity,status) values 	(	117	,	"Small"	,	4	,	"Order Placed Successfully"	);
INSERT INTO orders_details (sku,size,quantity,status) values 	(	118	,	"Small"	,	3	,	"Order Placed Successfully"	);
INSERT INTO orders_details (sku,size,quantity,status) values 	(	118	,	"Medium"	,	4	,	"Order Placed Successfully"	);
INSERT INTO orders_details (sku,size,quantity,status) values 	(	118	,	"Large"	,	5	,	"Order Placed Successfully"	);
INSERT INTO orders_details (sku,size,quantity,status) values 	(	118	,	"X-Large"	,	6	,	"Order Placed Successfully"	);
INSERT INTO orders_details (sku,size,quantity,status) values 	(	119	,	"Small"	,	5	,	"Order Placed Successfully"	);
INSERT INTO orders_details (sku,size,quantity,status) values 	(	119	,	"Medium"	,	6	,	"Order Placed Successfully"	);
INSERT INTO orders_details (sku,size,quantity,status) values 	(	119	,	"Large"	,	1	,	"Order Placed Successfully"	);
INSERT INTO orders_details (sku,size,quantity,status) values 	(	119	,	"X-Large"	,	2	,	"Order Placed Successfully"	);
INSERT INTO orders_details (sku,size,quantity,status) values 	(	120	,	"X-Large"	,	1	,	"Order Placed Successfully"	);
INSERT INTO orders_details (sku,size,quantity,status) values 	(	120	,	"Large"	,	2	,	"Order Placed Successfully"	);
INSERT INTO orders_details (sku,size,quantity,status) values 	(	120	,	"Medium"	,	3	,	"Order Placed Successfully"	);
INSERT INTO orders_details (sku,size,quantity,status) values 	(	120	,	"Small"	,	4	,	"Order Placed Successfully"	);
INSERT INTO orders_details (sku,size,quantity,status) values 	(	121	,	"Small"	,	3	,	"Order Placed Successfully"	);
INSERT INTO orders_details (sku,size,quantity,status) values 	(	121	,	"Medium"	,	4	,	"Order Placed Successfully"	);
INSERT INTO orders_details (sku,size,quantity,status) values 	(	121	,	"Large"	,	5	,	"Order Placed Successfully"	);
INSERT INTO orders_details (sku,size,quantity,status) values 	(	121	,	"X-Large"	,	6	,	"Order Placed Successfully"	);
INSERT INTO orders_details (sku,size,quantity,status) values 	(	122	,	"X-Large"	,	5	,	"Order Placed Successfully"	);
INSERT INTO orders_details (sku,size,quantity,status) values 	(	122	,	"Large"	,	6	,	"Order Placed Successfully"	);
INSERT INTO orders_details (sku,size,quantity,status) values 	(	122	,	"Medium"	,	1	,	"Order Placed Successfully"	);
INSERT INTO orders_details (sku,size,quantity,status) values 	(	122	,	"Small"	,	2	,	"Order Placed Successfully"	);
INSERT INTO orders_details (sku,size,quantity,status) values 	(	123	,	"Small"	,	1	,	"Order Placed Successfully"	);
INSERT INTO orders_details (sku,size,quantity,status) values 	(	123	,	"Medium"	,	2	,	"Order Placed Successfully"	);
INSERT INTO orders_details (sku,size,quantity,status) values 	(	123	,	"Large"	,	3	,	"Order Placed Successfully"	);
INSERT INTO orders_details (sku,size,quantity,status) values 	(	123	,	"X-Large"	,	4	,	"Order Placed Successfully"	);
INSERT INTO orders_details (sku,size,quantity,status) values 	(	124	,	"Small"	,	3	,	"Order Placed Successfully"	);
INSERT INTO orders_details (sku,size,quantity,status) values 	(	124	,	"Medium"	,	4	,	"Order Placed Successfully"	);
INSERT INTO orders_details (sku,size,quantity,status) values 	(	124	,	"Large"	,	5	,	"Order Placed Successfully"	);
INSERT INTO orders_details (sku,size,quantity,status) values 	(	124	,	"X-Large"	,	6	,	"Order Placed Successfully"	);
INSERT INTO orders_details (sku,size,quantity,status) values 	(	125	,	"X-Large"	,	5	,	"Order Placed Successfully"	);
INSERT INTO orders_details (sku,size,quantity,status) values 	(	125	,	"Large"	,	6	,	"Order Placed Successfully"	);
INSERT INTO orders_details (sku,size,quantity,status) values 	(	125	,	"Medium"	,	1	,	"Order Placed Successfully"	);
INSERT INTO orders_details (sku,size,quantity,status) values 	(	125	,	"Small"	,	2	,	"Order Placed Successfully"	);
INSERT INTO orders_details (sku,size,quantity,status) values 	(	126	,	"X-Large"	,	1	,	"Order Placed Successfully"	);
INSERT INTO orders_details (sku,size,quantity,status) values 	(	126	,	"Small"	,	2	,	"Order Placed Successfully"	);
INSERT INTO orders_details (sku,size,quantity,status) values 	(	126	,	"Medium"	,	3	,	"Order Placed Successfully"	);
INSERT INTO orders_details (sku,size,quantity,status) values 	(	126	,	"Large"	,	4	,	"Order Placed Successfully"	);
INSERT INTO orders_details (sku,size,quantity,status) values 	(	127	,	"Small"	,	3	,	"Order Placed Successfully"	);
INSERT INTO orders_details (sku,size,quantity,status) values 	(	127	,	"Medium"	,	4	,	"Order Placed Successfully"	);
INSERT INTO orders_details (sku,size,quantity,status) values 	(	127	,	"Large"	,	5	,	"Order Placed Successfully"	);
INSERT INTO orders_details (sku,size,quantity,status) values 	(	127	,	"X-Large"	,	6	,	"Order Placed Successfully"	);
INSERT INTO orders_details (sku,size,quantity,status) values 	(	128	,	"X-Large"	,	5	,	"Order Placed Successfully"	);
INSERT INTO orders_details (sku,size,quantity,status) values 	(	128	,	"Large"	,	6	,	"Order Placed Successfully"	);
INSERT INTO orders_details (sku,size,quantity,status) values 	(	128	,	"Medium"	,	1	,	"Order Placed Successfully"	);
INSERT INTO orders_details (sku,size,quantity,status) values 	(	128	,	"Small"	,	2	,	"Order Placed Successfully"	);
INSERT INTO orders_details (sku,size,quantity,status) values 	(	129	,	"Small"	,	1	,	"Order Placed Successfully"	);
INSERT INTO orders_details (sku,size,quantity,status) values 	(	129	,	"Medium"	,	2	,	"Order Placed Successfully"	);
INSERT INTO orders_details (sku,size,quantity,status) values 	(	129	,	"Large"	,	3	,	"Order Placed Successfully"	);
INSERT INTO orders_details (sku,size,quantity,status) values 	(	129	,	"X-Large"	,	4	,	"Order Placed Successfully"	);
INSERT INTO orders_details (sku,size,quantity,status) values 	(	130	,	"Small"	,	3	,	"Order Placed Successfully"	);
INSERT INTO orders_details (sku,size,quantity,status) values 	(	130	,	"Medium"	,	4	,	"Order Placed Successfully"	);
INSERT INTO orders_details (sku,size,quantity,status) values 	(	130	,	"Large"	,	5	,	"Order Placed Successfully"	);
INSERT INTO orders_details (sku,size,quantity,status) values 	(	130	,	"X-Large"	,	6	,	"Order Placed Successfully"	);
INSERT INTO orders_details (sku,size,quantity,status) values 	(	131	,	"Small"	,	5	,	"Order Placed Successfully"	);
INSERT INTO orders_details (sku,size,quantity,status) values 	(	131	,	"Medium"	,	6	,	"Order Placed Successfully"	);
INSERT INTO orders_details (sku,size,quantity,status) values 	(	131	,	"Large"	,	1	,	"Order Placed Successfully"	);
INSERT INTO orders_details (sku,size,quantity,status) values 	(	131	,	"X-Large"	,	2	,	"Order Placed Successfully"	);
INSERT INTO orders_details (sku,size,quantity,status) values 	(	132	,	"Large"	,	1	,	"Order Placed Successfully"	);
INSERT INTO orders_details (sku,size,quantity,status) values 	(	132	,	"Medium"	,	2	,	"Order Placed Successfully"	);
INSERT INTO orders_details (sku,size,quantity,status) values 	(	132	,	"Small"	,	3	,	"Order Placed Successfully"	);
INSERT INTO orders_details (sku,size,quantity,status) values 	(	132	,	"X-Large"	,	4	,	"Delivered"	);
INSERT INTO orders_details (sku,size,quantity,status) values 	(	101	,	"Small"	,	5	,	"Order Processed"	);
INSERT INTO orders_details (sku,size,quantity,status) values 	(	101	,	"X-Large"	,	6	,	"Order Processed"	);
INSERT INTO orders_details (sku,size,quantity,status) values 	(	101	,	"Large"	,	1	,	"Order Processed"	);
INSERT INTO orders_details (sku,size,quantity,status) values 	(	101	,	"Medium"	,	2	,	"Order Processed"	);
INSERT INTO orders_details (sku,size,quantity,status) values 	(	102	,	"Small"	,	1	,	"Order Processed"	);
INSERT INTO orders_details (sku,size,quantity,status) values 	(	102	,	"Medium"	,	2	,	"Order Processed"	);
INSERT INTO orders_details (sku,size,quantity,status) values 	(	102	,	"X-Large"	,	3	,	"Order Processed"	);
INSERT INTO orders_details (sku,size,quantity,status) values 	(	102	,	"Large"	,	4	,	"Order Processed"	);
INSERT INTO orders_details (sku,size,quantity,status) values 	(	103	,	"Small"	,	3	,	"Order Processed"	);
INSERT INTO orders_details (sku,size,quantity,status) values 	(	103	,	"Medium"	,	4	,	"Order Processed"	);
INSERT INTO orders_details (sku,size,quantity,status) values 	(	103	,	"Large"	,	5	,	"Order Processed"	);
INSERT INTO orders_details (sku,size,quantity,status) values 	(	103	,	"X-Large"	,	6	,	"Order Processed"	);
INSERT INTO orders_details (sku,size,quantity,status) values 	(	104	,	"Small"	,	5	,	"Order Processed"	);
INSERT INTO orders_details (sku,size,quantity,status) values 	(	104	,	"Medium"	,	6	,	"Order Processed"	);
INSERT INTO orders_details (sku,size,quantity,status) values 	(	104	,	"Large"	,	1	,	"Order Processed"	);
INSERT INTO orders_details (sku,size,quantity,status) values 	(	104	,	"X-Large"	,	2	,	"Order Processed"	);
INSERT INTO orders_details (sku,size,quantity,status) values 	(	105	,	"X-Large"	,	1	,	"Order Processed"	);
INSERT INTO orders_details (sku,size,quantity,status) values 	(	105	,	"Large"	,	2	,	"Order Processed"	);
INSERT INTO orders_details (sku,size,quantity,status) values 	(	105	,	"Medium"	,	3	,	"Order Processed"	);
INSERT INTO orders_details (sku,size,quantity,status) values 	(	105	,	"Small"	,	4	,	"Shipped"	);
INSERT INTO orders_details (sku,size,quantity,status) values 	(	106	,	"Small"	,	3	,	"Shipped"	);
INSERT INTO orders_details (sku,size,quantity,status) values 	(	106	,	"Medium"	,	4	,	"Shipped"	);
INSERT INTO orders_details (sku,size,quantity,status) values 	(	106	,	"Large"	,	5	,	"Shipped"	);
INSERT INTO orders_details (sku,size,quantity,status) values 	(	106	,	"X-Large"	,	6	,	"Shipped"	);
INSERT INTO orders_details (sku,size,quantity,status) values 	(	107	,	"X-Large"	,	5	,	"Shipped"	);
INSERT INTO orders_details (sku,size,quantity,status) values 	(	107	,	"Large"	,	6	,	"Shipped"	);
INSERT INTO orders_details (sku,size,quantity,status) values 	(	107	,	"Medium"	,	1	,	"Shipped"	);
INSERT INTO orders_details (sku,size,quantity,status) values 	(	107	,	"Small"	,	2	,	"Shipped"	);
INSERT INTO orders_details (sku,size,quantity,status) values 	(	108	,	"Small"	,	1	,	"Shipped"	);
INSERT INTO orders_details (sku,size,quantity,status) values 	(	108	,	"Medium"	,	2	,	"Shipped"	);
INSERT INTO orders_details (sku,size,quantity,status) values 	(	108	,	"Large"	,	3	,	"Shipped"	);
INSERT INTO orders_details (sku,size,quantity,status) values 	(	108	,	"X-Large"	,	4	,	"Shipped"	);
INSERT INTO orders_details (sku,size,quantity,status) values 	(	109	,	"X-Large"	,	3	,	"Delivered"	);
INSERT INTO orders_details (sku,size,quantity,status) values 	(	109	,	"Large"	,	4	,	"Delivered"	);
INSERT INTO orders_details (sku,size,quantity,status) values 	(	109	,	"Medium"	,	5	,	"Delivered"	);
INSERT INTO orders_details (sku,size,quantity,status) values 	(	109	,	"Small"	,	6	,	"Delivered"	);
INSERT INTO orders_details (sku,size,quantity,status) values 	(	110	,	"Small"	,	5	,	"Delivered"	);
INSERT INTO orders_details (sku,size,quantity,status) values 	(	110	,	"Medium"	,	6	,	"Delivered"	);
INSERT INTO orders_details (sku,size,quantity,status) values 	(	110	,	"Large"	,	1	,	"Delivered"	);
INSERT INTO orders_details (sku,size,quantity,status) values 	(	110	,	"X-Large"	,	2	,	"Delivered"	);
INSERT INTO orders_details (sku,size,quantity,status) values 	(	111	,	"X-Large"	,	1	,	"Delivered"	);
INSERT INTO orders_details (sku,size,quantity,status) values 	(	111	,	"Large"	,	2	,	"Delivered"	);
INSERT INTO orders_details (sku,size,quantity,status) values 	(	111	,	"Medium"	,	3	,	"Delivered"	);
INSERT INTO orders_details (sku,size,quantity,status) values 	(	111	,	"Small"	,	4	,	"Delivered"	);
INSERT INTO orders_details (sku,size,quantity,status) values 	(	112	,	"Small"	,	3	,	"Delivered"	);
INSERT INTO orders_details (sku,size,quantity,status) values 	(	112	,	"Medium"	,	4	,	"Delivered"	);
INSERT INTO orders_details (sku,size,quantity,status) values 	(	112	,	"Large"	,	5	,	"Delivered"	);
INSERT INTO orders_details (sku,size,quantity,status) values 	(	112	,	"X-Large"	,	6	,	"Delivered"	);
INSERT INTO orders_details (sku,size,quantity,status) values 	(	113	,	"X-Large"	,	5	,	"Delivered"	);
INSERT INTO orders_details (sku,size,quantity,status) values 	(	113	,	"Large"	,	6	,	"Order Placed Successfully"	);
INSERT INTO orders_details (sku,size,quantity,status) values 	(	113	,	"Medium"	,	1	,	"Order Placed Successfully"	);
INSERT INTO orders_details (sku,size,quantity,status) values 	(	113	,	"Small"	,	2	,	"Order Placed Successfully"	);
INSERT INTO orders_details (sku,size,quantity,status) values 	(	114	,	"Small"	,	1	,	"Order Placed Successfully"	);
INSERT INTO orders_details (sku,size,quantity,status) values 	(	114	,	"Medium"	,	2	,	"Order Placed Successfully"	);
INSERT INTO orders_details (sku,size,quantity,status) values 	(	114	,	"Large"	,	3	,	"Order Placed Successfully"	);
INSERT INTO orders_details (sku,size,quantity,status) values 	(	114	,	"X-Large"	,	4	,	"Order Placed Successfully"	);
INSERT INTO orders_details (sku,size,quantity,status) values 	(	115	,	"Small"	,	3	,	"Order Placed Successfully"	);
INSERT INTO orders_details (sku,size,quantity,status) values 	(	115	,	"Medium"	,	4	,	"Order Placed Successfully"	);
INSERT INTO orders_details (sku,size,quantity,status) values 	(	115	,	"Large"	,	5	,	"Order Placed Successfully"	);
INSERT INTO orders_details (sku,size,quantity,status) values 	(	115	,	"X-Large"	,	6	,	"Order Placed Successfully"	);
INSERT INTO orders_details (sku,size,quantity,status) values 	(	116	,	"X-Large"	,	5	,	"Order Placed Successfully"	);
INSERT INTO orders_details (sku,size,quantity,status) values 	(	116	,	"Large"	,	6	,	"Order Placed Successfully"	);
INSERT INTO orders_details (sku,size,quantity,status) values 	(	116	,	"Medium"	,	1	,	"Order Placed Successfully"	);
INSERT INTO orders_details (sku,size,quantity,status) values 	(	116	,	"Small"	,	2	,	"Order Placed Successfully"	);
INSERT INTO orders_details (sku,size,quantity,status) values 	(	117	,	"X-Large"	,	1	,	"Order Placed Successfully"	);
INSERT INTO orders_details (sku,size,quantity,status) values 	(	117	,	"Large"	,	2	,	"Order Placed Successfully"	);
INSERT INTO orders_details (sku,size,quantity,status) values 	(	117	,	"Medium"	,	3	,	"Order Placed Successfully"	);
INSERT INTO orders_details (sku,size,quantity,status) values 	(	117	,	"Small"	,	4	,	"Order Placed Successfully"	);
INSERT INTO orders_details (sku,size,quantity,status) values 	(	118	,	"Small"	,	3	,	"Order Placed Successfully"	);
INSERT INTO orders_details (sku,size,quantity,status) values 	(	118	,	"Medium"	,	4	,	"Order Placed Successfully"	);
INSERT INTO orders_details (sku,size,quantity,status) values 	(	118	,	"Large"	,	5	,	"Order Placed Successfully"	);
INSERT INTO orders_details (sku,size,quantity,status) values 	(	118	,	"X-Large"	,	6	,	"Order Placed Successfully"	);
INSERT INTO orders_details (sku,size,quantity,status) values 	(	119	,	"Small"	,	5	,	"Order Placed Successfully"	);
INSERT INTO orders_details (sku,size,quantity,status) values 	(	119	,	"Medium"	,	6	,	"Order Placed Successfully"	);
INSERT INTO orders_details (sku,size,quantity,status) values 	(	119	,	"Large"	,	1	,	"Order Placed Successfully"	);
INSERT INTO orders_details (sku,size,quantity,status) values 	(	119	,	"X-Large"	,	2	,	"Order Placed Successfully"	);
INSERT INTO orders_details (sku,size,quantity,status) values 	(	120	,	"X-Large"	,	1	,	"Order Placed Successfully"	);
INSERT INTO orders_details (sku,size,quantity,status) values 	(	120	,	"Large"	,	2	,	"Order Placed Successfully"	);
INSERT INTO orders_details (sku,size,quantity,status) values 	(	120	,	"Medium"	,	3	,	"Order Placed Successfully"	);
INSERT INTO orders_details (sku,size,quantity,status) values 	(	120	,	"Small"	,	4	,	"Order Placed Successfully"	);
INSERT INTO orders_details (sku,size,quantity,status) values 	(	121	,	"Small"	,	3	,	"Order Placed Successfully"	);
INSERT INTO orders_details (sku,size,quantity,status) values 	(	121	,	"Medium"	,	4	,	"Order Placed Successfully"	);
INSERT INTO orders_details (sku,size,quantity,status) values 	(	121	,	"Large"	,	5	,	"Order Placed Successfully"	);
INSERT INTO orders_details (sku,size,quantity,status) values 	(	121	,	"X-Large"	,	6	,	"Order Placed Successfully"	);
INSERT INTO orders_details (sku,size,quantity,status) values 	(	122	,	"X-Large"	,	5	,	"Order Placed Successfully"	);
INSERT INTO orders_details (sku,size,quantity,status) values 	(	122	,	"Large"	,	6	,	"Order Placed Successfully"	);
INSERT INTO orders_details (sku,size,quantity,status) values 	(	122	,	"Medium"	,	1	,	"Order Placed Successfully"	);
INSERT INTO orders_details (sku,size,quantity,status) values 	(	122	,	"Small"	,	2	,	"Order Placed Successfully"	);
INSERT INTO orders_details (sku,size,quantity,status) values 	(	123	,	"Small"	,	1	,	"Order Placed Successfully"	);
INSERT INTO orders_details (sku,size,quantity,status) values 	(	123	,	"Medium"	,	2	,	"Order Placed Successfully"	);
INSERT INTO orders_details (sku,size,quantity,status) values 	(	123	,	"Large"	,	3	,	"Order Placed Successfully"	);
INSERT INTO orders_details (sku,size,quantity,status) values 	(	123	,	"X-Large"	,	4	,	"Order Placed Successfully"	);
INSERT INTO orders_details (sku,size,quantity,status) values 	(	124	,	"Small"	,	3	,	"Order Placed Successfully"	);
INSERT INTO orders_details (sku,size,quantity,status) values 	(	124	,	"Medium"	,	4	,	"Order Placed Successfully"	);
INSERT INTO orders_details (sku,size,quantity,status) values 	(	124	,	"Large"	,	5	,	"Order Placed Successfully"	);
INSERT INTO orders_details (sku,size,quantity,status) values 	(	124	,	"X-Large"	,	6	,	"Order Placed Successfully"	);
INSERT INTO orders_details (sku,size,quantity,status) values 	(	125	,	"X-Large"	,	5	,	"Order Placed Successfully"	);
INSERT INTO orders_details (sku,size,quantity,status) values 	(	125	,	"Large"	,	6	,	"Order Placed Successfully"	);
INSERT INTO orders_details (sku,size,quantity,status) values 	(	125	,	"Medium"	,	1	,	"Order Placed Successfully"	);
INSERT INTO orders_details (sku,size,quantity,status) values 	(	125	,	"Small"	,	2	,	"Order Placed Successfully"	);
INSERT INTO orders_details (sku,size,quantity,status) values 	(	126	,	"X-Large"	,	1	,	"Order Placed Successfully"	);
INSERT INTO orders_details (sku,size,quantity,status) values 	(	126	,	"Small"	,	2	,	"Order Placed Successfully"	);
INSERT INTO orders_details (sku,size,quantity,status) values 	(	126	,	"Medium"	,	3	,	"Order Placed Successfully"	);
INSERT INTO orders_details (sku,size,quantity,status) values 	(	126	,	"Large"	,	4	,	"Order Placed Successfully"	);
INSERT INTO orders_details (sku,size,quantity,status) values 	(	127	,	"Small"	,	3	,	"Order Placed Successfully"	);
INSERT INTO orders_details (sku,size,quantity,status) values 	(	127	,	"Medium"	,	4	,	"Order Placed Successfully"	);
INSERT INTO orders_details (sku,size,quantity,status) values 	(	127	,	"Large"	,	5	,	"Order Placed Successfully"	);
INSERT INTO orders_details (sku,size,quantity,status) values 	(	127	,	"X-Large"	,	6	,	"Order Placed Successfully"	);
INSERT INTO orders_details (sku,size,quantity,status) values 	(	128	,	"X-Large"	,	5	,	"Order Placed Successfully"	);
INSERT INTO orders_details (sku,size,quantity,status) values 	(	128	,	"Large"	,	6	,	"Order Placed Successfully"	);
INSERT INTO orders_details (sku,size,quantity,status) values 	(	128	,	"Medium"	,	1	,	"Order Placed Successfully"	);
INSERT INTO orders_details (sku,size,quantity,status) values 	(	128	,	"Small"	,	2	,	"Order Placed Successfully"	);
INSERT INTO orders_details (sku,size,quantity,status) values 	(	129	,	"Small"	,	1	,	"Order Placed Successfully"	);
INSERT INTO orders_details (sku,size,quantity,status) values 	(	129	,	"Medium"	,	2	,	"Order Placed Successfully"	);
INSERT INTO orders_details (sku,size,quantity,status) values 	(	129	,	"Large"	,	3	,	"Order Placed Successfully"	);
INSERT INTO orders_details (sku,size,quantity,status) values 	(	129	,	"X-Large"	,	4	,	"Order Placed Successfully"	);
INSERT INTO orders_details (sku,size,quantity,status) values 	(	130	,	"Small"	,	3	,	"Order Placed Successfully"	);
INSERT INTO orders_details (sku,size,quantity,status) values 	(	130	,	"Medium"	,	4	,	"Order Placed Successfully"	);
INSERT INTO orders_details (sku,size,quantity,status) values 	(	130	,	"Large"	,	5	,	"Order Placed Successfully"	);
INSERT INTO orders_details (sku,size,quantity,status) values 	(	130	,	"X-Large"	,	6	,	"Order Placed Successfully"	);
INSERT INTO orders_details (sku,size,quantity,status) values 	(	131	,	"Small"	,	5	,	"Order Placed Successfully"	);
INSERT INTO orders_details (sku,size,quantity,status) values 	(	131	,	"Medium"	,	6	,	"Order Placed Successfully"	);
INSERT INTO orders_details (sku,size,quantity,status) values 	(	131	,	"Large"	,	1	,	"Order Placed Successfully"	);
INSERT INTO orders_details (sku,size,quantity,status) values 	(	131	,	"X-Large"	,	2	,	"Order Placed Successfully"	);
INSERT INTO orders_details (sku,size,quantity,status) values 	(	132	,	"Large"	,	1	,	"Order Placed Successfully"	);
INSERT INTO orders_details (sku,size,quantity,status) values 	(	132	,	"Medium"	,	2	,	"Order Placed Successfully"	);
INSERT INTO orders_details (sku,size,quantity,status) values 	(	132	,	"Small"	,	3	,	"Order Placed Successfully"	);
INSERT INTO orders_details (sku,size,quantity,status) values 	(	132	,	"X-Large"	,	4	,	"Delivered"	);
INSERT INTO orders_details (sku,size,quantity,status) values 	(	101	,	"Small"	,	5	,	"Order Processed"	);
INSERT INTO orders_details (sku,size,quantity,status) values 	(	101	,	"X-Large"	,	6	,	"Order Processed"	);
INSERT INTO orders_details (sku,size,quantity,status) values 	(	101	,	"Large"	,	1	,	"Order Processed"	);
INSERT INTO orders_details (sku,size,quantity,status) values 	(	101	,	"Medium"	,	2	,	"Order Processed"	);
INSERT INTO orders_details (sku,size,quantity,status) values 	(	102	,	"Small"	,	1	,	"Order Processed"	);
INSERT INTO orders_details (sku,size,quantity,status) values 	(	102	,	"Medium"	,	2	,	"Order Processed"	);
INSERT INTO orders_details (sku,size,quantity,status) values 	(	102	,	"X-Large"	,	3	,	"Order Processed"	);
INSERT INTO orders_details (sku,size,quantity,status) values 	(	102	,	"Large"	,	4	,	"Order Processed"	);
INSERT INTO orders_details (sku,size,quantity,status) values 	(	103	,	"Small"	,	3	,	"Order Processed"	);
INSERT INTO orders_details (sku,size,quantity,status) values 	(	103	,	"Medium"	,	4	,	"Order Processed"	);
INSERT INTO orders_details (sku,size,quantity,status) values 	(	103	,	"Large"	,	5	,	"Order Processed"	);
INSERT INTO orders_details (sku,size,quantity,status) values 	(	103	,	"X-Large"	,	6	,	"Order Processed"	);
INSERT INTO orders_details (sku,size,quantity,status) values 	(	104	,	"Small"	,	5	,	"Order Processed"	);
INSERT INTO orders_details (sku,size,quantity,status) values 	(	104	,	"Medium"	,	6	,	"Order Processed"	);
INSERT INTO orders_details (sku,size,quantity,status) values 	(	104	,	"Large"	,	1	,	"Order Processed"	);
INSERT INTO orders_details (sku,size,quantity,status) values 	(	104	,	"X-Large"	,	2	,	"Order Processed"	);
INSERT INTO orders_details (sku,size,quantity,status) values 	(	105	,	"X-Large"	,	1	,	"Order Processed"	);
INSERT INTO orders_details (sku,size,quantity,status) values 	(	105	,	"Large"	,	2	,	"Order Processed"	);
INSERT INTO orders_details (sku,size,quantity,status) values 	(	105	,	"Medium"	,	3	,	"Order Processed"	);
INSERT INTO orders_details (sku,size,quantity,status) values 	(	105	,	"Small"	,	4	,	"Shipped"	);
INSERT INTO orders_details (sku,size,quantity,status) values 	(	106	,	"Small"	,	3	,	"Shipped"	);
INSERT INTO orders_details (sku,size,quantity,status) values 	(	106	,	"Medium"	,	4	,	"Shipped"	);
INSERT INTO orders_details (sku,size,quantity,status) values 	(	106	,	"Large"	,	5	,	"Shipped"	);
INSERT INTO orders_details (sku,size,quantity,status) values 	(	106	,	"X-Large"	,	6	,	"Shipped"	);
INSERT INTO orders_details (sku,size,quantity,status) values 	(	107	,	"X-Large"	,	5	,	"Shipped"	);
INSERT INTO orders_details (sku,size,quantity,status) values 	(	107	,	"Large"	,	6	,	"Shipped"	);
INSERT INTO orders_details (sku,size,quantity,status) values 	(	107	,	"Medium"	,	1	,	"Shipped"	);
INSERT INTO orders_details (sku,size,quantity,status) values 	(	107	,	"Small"	,	2	,	"Shipped"	);
INSERT INTO orders_details (sku,size,quantity,status) values 	(	108	,	"Small"	,	1	,	"Shipped"	);
INSERT INTO orders_details (sku,size,quantity,status) values 	(	108	,	"Medium"	,	2	,	"Shipped"	);
INSERT INTO orders_details (sku,size,quantity,status) values 	(	108	,	"Large"	,	3	,	"Shipped"	);
INSERT INTO orders_details (sku,size,quantity,status) values 	(	108	,	"X-Large"	,	4	,	"Shipped"	);
INSERT INTO orders_details (sku,size,quantity,status) values 	(	109	,	"X-Large"	,	3	,	"Delivered"	);
INSERT INTO orders_details (sku,size,quantity,status) values 	(	109	,	"Large"	,	4	,	"Delivered"	);
INSERT INTO orders_details (sku,size,quantity,status) values 	(	109	,	"Medium"	,	5	,	"Delivered"	);
INSERT INTO orders_details (sku,size,quantity,status) values 	(	109	,	"Small"	,	6	,	"Delivered"	);
INSERT INTO orders_details (sku,size,quantity,status) values 	(	110	,	"Small"	,	5	,	"Delivered"	);
INSERT INTO orders_details (sku,size,quantity,status) values 	(	110	,	"Medium"	,	6	,	"Delivered"	);
INSERT INTO orders_details (sku,size,quantity,status) values 	(	110	,	"Large"	,	1	,	"Delivered"	);
INSERT INTO orders_details (sku,size,quantity,status) values 	(	110	,	"X-Large"	,	2	,	"Delivered"	);
INSERT INTO orders_details (sku,size,quantity,status) values 	(	111	,	"X-Large"	,	1	,	"Delivered"	);
INSERT INTO orders_details (sku,size,quantity,status) values 	(	111	,	"Large"	,	2	,	"Delivered"	);
INSERT INTO orders_details (sku,size,quantity,status) values 	(	111	,	"Medium"	,	3	,	"Delivered"	);
INSERT INTO orders_details (sku,size,quantity,status) values 	(	111	,	"Small"	,	4	,	"Delivered"	);
INSERT INTO orders_details (sku,size,quantity,status) values 	(	112	,	"Small"	,	3	,	"Delivered"	);
INSERT INTO orders_details (sku,size,quantity,status) values 	(	112	,	"Medium"	,	4	,	"Delivered"	);
INSERT INTO orders_details (sku,size,quantity,status) values 	(	112	,	"Large"	,	5	,	"Delivered"	);
INSERT INTO orders_details (sku,size,quantity,status) values 	(	112	,	"X-Large"	,	6	,	"Delivered"	);
INSERT INTO orders_details (sku,size,quantity,status) values 	(	113	,	"X-Large"	,	5	,	"Delivered"	);
INSERT INTO orders_details (sku,size,quantity,status) values 	(	113	,	"Large"	,	6	,	"Order Placed Successfully"	);
INSERT INTO orders_details (sku,size,quantity,status) values 	(	113	,	"Medium"	,	1	,	"Order Placed Successfully"	);
INSERT INTO orders_details (sku,size,quantity,status) values 	(	113	,	"Small"	,	2	,	"Order Placed Successfully"	);
INSERT INTO orders_details (sku,size,quantity,status) values 	(	114	,	"Small"	,	1	,	"Order Placed Successfully"	);
INSERT INTO orders_details (sku,size,quantity,status) values 	(	114	,	"Medium"	,	2	,	"Order Placed Successfully"	);
INSERT INTO orders_details (sku,size,quantity,status) values 	(	114	,	"Large"	,	3	,	"Order Placed Successfully"	);
INSERT INTO orders_details (sku,size,quantity,status) values 	(	114	,	"X-Large"	,	4	,	"Order Placed Successfully"	);
INSERT INTO orders_details (sku,size,quantity,status) values 	(	115	,	"Small"	,	3	,	"Order Placed Successfully"	);
INSERT INTO orders_details (sku,size,quantity,status) values 	(	115	,	"Medium"	,	4	,	"Order Placed Successfully"	);
INSERT INTO orders_details (sku,size,quantity,status) values 	(	115	,	"Large"	,	5	,	"Order Placed Successfully"	);
INSERT INTO orders_details (sku,size,quantity,status) values 	(	115	,	"X-Large"	,	6	,	"Order Placed Successfully"	);
INSERT INTO orders_details (sku,size,quantity,status) values 	(	116	,	"X-Large"	,	5	,	"Order Placed Successfully"	);
INSERT INTO orders_details (sku,size,quantity,status) values 	(	116	,	"Large"	,	6	,	"Order Placed Successfully"	);
INSERT INTO orders_details (sku,size,quantity,status) values 	(	116	,	"Medium"	,	1	,	"Order Placed Successfully"	);
INSERT INTO orders_details (sku,size,quantity,status) values 	(	116	,	"Small"	,	2	,	"Order Placed Successfully"	);
INSERT INTO orders_details (sku,size,quantity,status) values 	(	117	,	"X-Large"	,	1	,	"Order Placed Successfully"	);
INSERT INTO orders_details (sku,size,quantity,status) values 	(	117	,	"Large"	,	2	,	"Order Placed Successfully"	);
INSERT INTO orders_details (sku,size,quantity,status) values 	(	117	,	"Medium"	,	3	,	"Order Placed Successfully"	);
INSERT INTO orders_details (sku,size,quantity,status) values 	(	117	,	"Small"	,	4	,	"Order Placed Successfully"	);
INSERT INTO orders_details (sku,size,quantity,status) values 	(	118	,	"Small"	,	3	,	"Order Placed Successfully"	);
INSERT INTO orders_details (sku,size,quantity,status) values 	(	118	,	"Medium"	,	4	,	"Order Placed Successfully"	);
INSERT INTO orders_details (sku,size,quantity,status) values 	(	118	,	"Large"	,	5	,	"Order Placed Successfully"	);
INSERT INTO orders_details (sku,size,quantity,status) values 	(	118	,	"X-Large"	,	6	,	"Order Placed Successfully"	);
INSERT INTO orders_details (sku,size,quantity,status) values 	(	119	,	"Small"	,	5	,	"Order Placed Successfully"	);
INSERT INTO orders_details (sku,size,quantity,status) values 	(	119	,	"Medium"	,	6	,	"Order Placed Successfully"	);
INSERT INTO orders_details (sku,size,quantity,status) values 	(	119	,	"Large"	,	1	,	"Order Placed Successfully"	);
INSERT INTO orders_details (sku,size,quantity,status) values 	(	119	,	"X-Large"	,	2	,	"Order Placed Successfully"	);
INSERT INTO orders_details (sku,size,quantity,status) values 	(	120	,	"X-Large"	,	1	,	"Order Placed Successfully"	);
INSERT INTO orders_details (sku,size,quantity,status) values 	(	120	,	"Large"	,	2	,	"Order Placed Successfully"	);
INSERT INTO orders_details (sku,size,quantity,status) values 	(	120	,	"Medium"	,	3	,	"Order Placed Successfully"	);
INSERT INTO orders_details (sku,size,quantity,status) values 	(	120	,	"Small"	,	4	,	"Order Placed Successfully"	);
INSERT INTO orders_details (sku,size,quantity,status) values 	(	121	,	"Small"	,	3	,	"Order Placed Successfully"	);
INSERT INTO orders_details (sku,size,quantity,status) values 	(	121	,	"Medium"	,	4	,	"Order Placed Successfully"	);
INSERT INTO orders_details (sku,size,quantity,status) values 	(	121	,	"Large"	,	5	,	"Order Placed Successfully"	);
INSERT INTO orders_details (sku,size,quantity,status) values 	(	121	,	"X-Large"	,	6	,	"Order Placed Successfully"	);
INSERT INTO orders_details (sku,size,quantity,status) values 	(	122	,	"X-Large"	,	5	,	"Order Placed Successfully"	);
INSERT INTO orders_details (sku,size,quantity,status) values 	(	122	,	"Large"	,	6	,	"Order Placed Successfully"	);
INSERT INTO orders_details (sku,size,quantity,status) values 	(	122	,	"Medium"	,	1	,	"Order Placed Successfully"	);
INSERT INTO orders_details (sku,size,quantity,status) values 	(	122	,	"Small"	,	2	,	"Order Placed Successfully"	);
INSERT INTO orders_details (sku,size,quantity,status) values 	(	123	,	"Small"	,	1	,	"Order Placed Successfully"	);
INSERT INTO orders_details (sku,size,quantity,status) values 	(	123	,	"Medium"	,	2	,	"Order Placed Successfully"	);
INSERT INTO orders_details (sku,size,quantity,status) values 	(	123	,	"Large"	,	3	,	"Order Placed Successfully"	);
INSERT INTO orders_details (sku,size,quantity,status) values 	(	123	,	"X-Large"	,	4	,	"Order Placed Successfully"	);
INSERT INTO orders_details (sku,size,quantity,status) values 	(	124	,	"Small"	,	3	,	"Order Placed Successfully"	);
INSERT INTO orders_details (sku,size,quantity,status) values 	(	124	,	"Medium"	,	4	,	"Order Placed Successfully"	);
INSERT INTO orders_details (sku,size,quantity,status) values 	(	124	,	"Large"	,	5	,	"Order Placed Successfully"	);
INSERT INTO orders_details (sku,size,quantity,status) values 	(	124	,	"X-Large"	,	6	,	"Order Placed Successfully"	);
INSERT INTO orders_details (sku,size,quantity,status) values 	(	125	,	"X-Large"	,	5	,	"Order Placed Successfully"	);
INSERT INTO orders_details (sku,size,quantity,status) values 	(	125	,	"Large"	,	6	,	"Order Placed Successfully"	);
INSERT INTO orders_details (sku,size,quantity,status) values 	(	125	,	"Medium"	,	1	,	"Order Placed Successfully"	);
INSERT INTO orders_details (sku,size,quantity,status) values 	(	125	,	"Small"	,	2	,	"Order Placed Successfully"	);
INSERT INTO orders_details (sku,size,quantity,status) values 	(	126	,	"X-Large"	,	1	,	"Order Placed Successfully"	);
INSERT INTO orders_details (sku,size,quantity,status) values 	(	126	,	"Small"	,	2	,	"Order Placed Successfully"	);
INSERT INTO orders_details (sku,size,quantity,status) values 	(	126	,	"Medium"	,	3	,	"Order Placed Successfully"	);
INSERT INTO orders_details (sku,size,quantity,status) values 	(	126	,	"Large"	,	4	,	"Order Placed Successfully"	);
INSERT INTO orders_details (sku,size,quantity,status) values 	(	127	,	"Small"	,	3	,	"Order Placed Successfully"	);
INSERT INTO orders_details (sku,size,quantity,status) values 	(	127	,	"Medium"	,	4	,	"Order Placed Successfully"	);
INSERT INTO orders_details (sku,size,quantity,status) values 	(	127	,	"Large"	,	5	,	"Order Placed Successfully"	);
INSERT INTO orders_details (sku,size,quantity,status) values 	(	127	,	"X-Large"	,	6	,	"Order Placed Successfully"	);
INSERT INTO orders_details (sku,size,quantity,status) values 	(	128	,	"X-Large"	,	5	,	"Order Placed Successfully"	);
INSERT INTO orders_details (sku,size,quantity,status) values 	(	128	,	"Large"	,	6	,	"Order Placed Successfully"	);
INSERT INTO orders_details (sku,size,quantity,status) values 	(	128	,	"Medium"	,	1	,	"Order Placed Successfully"	);
INSERT INTO orders_details (sku,size,quantity,status) values 	(	128	,	"Small"	,	2	,	"Order Placed Successfully"	);
INSERT INTO orders_details (sku,size,quantity,status) values 	(	129	,	"Small"	,	1	,	"Order Placed Successfully"	);
INSERT INTO orders_details (sku,size,quantity,status) values 	(	129	,	"Medium"	,	2	,	"Order Placed Successfully"	);
INSERT INTO orders_details (sku,size,quantity,status) values 	(	129	,	"Large"	,	3	,	"Order Placed Successfully"	);
INSERT INTO orders_details (sku,size,quantity,status) values 	(	129	,	"X-Large"	,	4	,	"Order Placed Successfully"	);
INSERT INTO orders_details (sku,size,quantity,status) values 	(	130	,	"Small"	,	3	,	"Order Placed Successfully"	);
INSERT INTO orders_details (sku,size,quantity,status) values 	(	130	,	"Medium"	,	4	,	"Order Placed Successfully"	);
INSERT INTO orders_details (sku,size,quantity,status) values 	(	130	,	"Large"	,	5	,	"Order Placed Successfully"	);
INSERT INTO orders_details (sku,size,quantity,status) values 	(	130	,	"X-Large"	,	6	,	"Order Placed Successfully"	);
INSERT INTO orders_details (sku,size,quantity,status) values 	(	131	,	"Small"	,	5	,	"Order Placed Successfully"	);
INSERT INTO orders_details (sku,size,quantity,status) values 	(	131	,	"Medium"	,	6	,	"Order Placed Successfully"	);
INSERT INTO orders_details (sku,size,quantity,status) values 	(	131	,	"Large"	,	1	,	"Order Placed Successfully"	);
INSERT INTO orders_details (sku,size,quantity,status) values 	(	131	,	"X-Large"	,	2	,	"Order Placed Successfully"	);
INSERT INTO orders_details (sku,size,quantity,status) values 	(	132	,	"Large"	,	1	,	"Order Placed Successfully"	);
INSERT INTO orders_details (sku,size,quantity,status) values 	(	132	,	"Medium"	,	2	,	"Order Placed Successfully"	);
INSERT INTO orders_details (sku,size,quantity,status) values 	(	132	,	"Small"	,	3	,	"Order Placed Successfully"	);
INSERT INTO orders_details (sku,size,quantity,status) values 	(	132	,	"X-Large"	,	4	,	"Delivered"	);
INSERT INTO orders_details (sku,size,quantity,status) values 	(	101	,	"Small"	,	5	,	"Order Processed"	);
INSERT INTO orders_details (sku,size,quantity,status) values 	(	101	,	"X-Large"	,	6	,	"Order Processed"	);
INSERT INTO orders_details (sku,size,quantity,status) values 	(	101	,	"Large"	,	1	,	"Order Processed"	);
INSERT INTO orders_details (sku,size,quantity,status) values 	(	101	,	"Medium"	,	2	,	"Order Processed"	);
INSERT INTO orders_details (sku,size,quantity,status) values 	(	102	,	"Small"	,	1	,	"Order Processed"	);
INSERT INTO orders_details (sku,size,quantity,status) values 	(	102	,	"Medium"	,	2	,	"Order Processed"	);
INSERT INTO orders_details (sku,size,quantity,status) values 	(	102	,	"X-Large"	,	3	,	"Order Processed"	);
INSERT INTO orders_details (sku,size,quantity,status) values 	(	102	,	"Large"	,	4	,	"Order Processed"	);
INSERT INTO orders_details (sku,size,quantity,status) values 	(	103	,	"Small"	,	3	,	"Order Processed"	);
INSERT INTO orders_details (sku,size,quantity,status) values 	(	103	,	"Medium"	,	4	,	"Order Processed"	);
INSERT INTO orders_details (sku,size,quantity,status) values 	(	103	,	"Large"	,	5	,	"Order Processed"	);
INSERT INTO orders_details (sku,size,quantity,status) values 	(	103	,	"X-Large"	,	6	,	"Order Processed"	);
INSERT INTO orders_details (sku,size,quantity,status) values 	(	104	,	"Small"	,	5	,	"Order Processed"	);
INSERT INTO orders_details (sku,size,quantity,status) values 	(	104	,	"Medium"	,	6	,	"Order Processed"	);
INSERT INTO orders_details (sku,size,quantity,status) values 	(	104	,	"Large"	,	1	,	"Order Processed"	);
INSERT INTO orders_details (sku,size,quantity,status) values 	(	104	,	"X-Large"	,	2	,	"Order Processed"	);
INSERT INTO orders_details (sku,size,quantity,status) values 	(	105	,	"X-Large"	,	1	,	"Order Processed"	);
INSERT INTO orders_details (sku,size,quantity,status) values 	(	105	,	"Large"	,	2	,	"Order Processed"	);
INSERT INTO orders_details (sku,size,quantity,status) values 	(	105	,	"Medium"	,	3	,	"Order Processed"	);
INSERT INTO orders_details (sku,size,quantity,status) values 	(	105	,	"Small"	,	4	,	"Shipped"	);
INSERT INTO orders_details (sku,size,quantity,status) values 	(	106	,	"Small"	,	3	,	"Shipped"	);
INSERT INTO orders_details (sku,size,quantity,status) values 	(	106	,	"Medium"	,	4	,	"Shipped"	);
INSERT INTO orders_details (sku,size,quantity,status) values 	(	106	,	"Large"	,	5	,	"Shipped"	);
INSERT INTO orders_details (sku,size,quantity,status) values 	(	106	,	"X-Large"	,	6	,	"Shipped"	);
INSERT INTO orders_details (sku,size,quantity,status) values 	(	107	,	"X-Large"	,	5	,	"Shipped"	);
INSERT INTO orders_details (sku,size,quantity,status) values 	(	107	,	"Large"	,	6	,	"Shipped"	);
INSERT INTO orders_details (sku,size,quantity,status) values 	(	107	,	"Medium"	,	1	,	"Shipped"	);
INSERT INTO orders_details (sku,size,quantity,status) values 	(	107	,	"Small"	,	2	,	"Shipped"	);
INSERT INTO orders_details (sku,size,quantity,status) values 	(	108	,	"Small"	,	1	,	"Shipped"	);
INSERT INTO orders_details (sku,size,quantity,status) values 	(	108	,	"Medium"	,	2	,	"Shipped"	);
INSERT INTO orders_details (sku,size,quantity,status) values 	(	108	,	"Large"	,	3	,	"Shipped"	);
INSERT INTO orders_details (sku,size,quantity,status) values 	(	108	,	"X-Large"	,	4	,	"Shipped"	);
INSERT INTO orders_details (sku,size,quantity,status) values 	(	109	,	"X-Large"	,	3	,	"Delivered"	);
INSERT INTO orders_details (sku,size,quantity,status) values 	(	109	,	"Large"	,	4	,	"Delivered"	);
INSERT INTO orders_details (sku,size,quantity,status) values 	(	109	,	"Medium"	,	5	,	"Delivered"	);
INSERT INTO orders_details (sku,size,quantity,status) values 	(	109	,	"Small"	,	6	,	"Delivered"	);
INSERT INTO orders_details (sku,size,quantity,status) values 	(	110	,	"Small"	,	5	,	"Delivered"	);
INSERT INTO orders_details (sku,size,quantity,status) values 	(	110	,	"Medium"	,	6	,	"Delivered"	);
INSERT INTO orders_details (sku,size,quantity,status) values 	(	110	,	"Large"	,	1	,	"Delivered"	);
INSERT INTO orders_details (sku,size,quantity,status) values 	(	110	,	"X-Large"	,	2	,	"Delivered"	);
INSERT INTO orders_details (sku,size,quantity,status) values 	(	111	,	"X-Large"	,	1	,	"Delivered"	);
INSERT INTO orders_details (sku,size,quantity,status) values 	(	111	,	"Large"	,	2	,	"Delivered"	);
INSERT INTO orders_details (sku,size,quantity,status) values 	(	111	,	"Medium"	,	3	,	"Delivered"	);
INSERT INTO orders_details (sku,size,quantity,status) values 	(	111	,	"Small"	,	4	,	"Delivered"	);
INSERT INTO orders_details (sku,size,quantity,status) values 	(	112	,	"Small"	,	3	,	"Delivered"	);
INSERT INTO orders_details (sku,size,quantity,status) values 	(	112	,	"Medium"	,	4	,	"Delivered"	);
INSERT INTO orders_details (sku,size,quantity,status) values 	(	112	,	"Large"	,	5	,	"Delivered"	);
INSERT INTO orders_details (sku,size,quantity,status) values 	(	112	,	"X-Large"	,	6	,	"Delivered"	);
INSERT INTO orders_details (sku,size,quantity,status) values 	(	113	,	"X-Large"	,	5	,	"Delivered"	);
INSERT INTO orders_details (sku,size,quantity,status) values 	(	113	,	"Large"	,	6	,	"Order Placed Successfully"	);
INSERT INTO orders_details (sku,size,quantity,status) values 	(	113	,	"Medium"	,	1	,	"Order Placed Successfully"	);
INSERT INTO orders_details (sku,size,quantity,status) values 	(	113	,	"Small"	,	2	,	"Order Placed Successfully"	);
INSERT INTO orders_details (sku,size,quantity,status) values 	(	114	,	"Small"	,	1	,	"Order Placed Successfully"	);
INSERT INTO orders_details (sku,size,quantity,status) values 	(	114	,	"Medium"	,	2	,	"Order Placed Successfully"	);
INSERT INTO orders_details (sku,size,quantity,status) values 	(	114	,	"Large"	,	3	,	"Order Placed Successfully"	);
INSERT INTO orders_details (sku,size,quantity,status) values 	(	114	,	"X-Large"	,	4	,	"Order Placed Successfully"	);
INSERT INTO orders_details (sku,size,quantity,status) values 	(	115	,	"Small"	,	3	,	"Order Placed Successfully"	);
INSERT INTO orders_details (sku,size,quantity,status) values 	(	115	,	"Medium"	,	4	,	"Order Placed Successfully"	);
INSERT INTO orders_details (sku,size,quantity,status) values 	(	115	,	"Large"	,	5	,	"Order Placed Successfully"	);
INSERT INTO orders_details (sku,size,quantity,status) values 	(	115	,	"X-Large"	,	6	,	"Order Placed Successfully"	);
INSERT INTO orders_details (sku,size,quantity,status) values 	(	116	,	"X-Large"	,	5	,	"Order Placed Successfully"	);
INSERT INTO orders_details (sku,size,quantity,status) values 	(	116	,	"Large"	,	6	,	"Order Placed Successfully"	);
INSERT INTO orders_details (sku,size,quantity,status) values 	(	116	,	"Medium"	,	1	,	"Order Placed Successfully"	);
INSERT INTO orders_details (sku,size,quantity,status) values 	(	116	,	"Small"	,	2	,	"Order Placed Successfully"	);
INSERT INTO orders_details (sku,size,quantity,status) values 	(	117	,	"X-Large"	,	1	,	"Order Placed Successfully"	);
INSERT INTO orders_details (sku,size,quantity,status) values 	(	117	,	"Large"	,	2	,	"Order Placed Successfully"	);
INSERT INTO orders_details (sku,size,quantity,status) values 	(	117	,	"Medium"	,	3	,	"Order Placed Successfully"	);
INSERT INTO orders_details (sku,size,quantity,status) values 	(	117	,	"Small"	,	4	,	"Order Placed Successfully"	);
INSERT INTO orders_details (sku,size,quantity,status) values 	(	118	,	"Small"	,	3	,	"Order Placed Successfully"	);
INSERT INTO orders_details (sku,size,quantity,status) values 	(	118	,	"Medium"	,	4	,	"Order Placed Successfully"	);
INSERT INTO orders_details (sku,size,quantity,status) values 	(	118	,	"Large"	,	5	,	"Order Placed Successfully"	);
INSERT INTO orders_details (sku,size,quantity,status) values 	(	118	,	"X-Large"	,	6	,	"Order Placed Successfully"	);
INSERT INTO orders_details (sku,size,quantity,status) values 	(	119	,	"Small"	,	5	,	"Order Placed Successfully"	);
INSERT INTO orders_details (sku,size,quantity,status) values 	(	119	,	"Medium"	,	6	,	"Order Placed Successfully"	);
INSERT INTO orders_details (sku,size,quantity,status) values 	(	119	,	"Large"	,	1	,	"Order Placed Successfully"	);
INSERT INTO orders_details (sku,size,quantity,status) values 	(	119	,	"X-Large"	,	2	,	"Order Placed Successfully"	);
