-- phpMyAdmin SQL Dump
-- version 4.4.10
-- http://www.phpmyadmin.net
--
-- Host: localhost:8889
-- Generation Time: Oct 13, 2015 at 09:28 AM
-- Server version: 5.5.42
-- PHP Version: 5.6.10

SET SQL_MODE = "NO_AUTO_VALUE_ON_ZERO";
SET time_zone = "+00:00";


/*!40101 SET @OLD_CHARACTER_SET_CLIENT=@@CHARACTER_SET_CLIENT */;
/*!40101 SET @OLD_CHARACTER_SET_RESULTS=@@CHARACTER_SET_RESULTS */;
/*!40101 SET @OLD_COLLATION_CONNECTION=@@COLLATION_CONNECTION */;


--
-- Database: `mystore_db`
--

-- --------------------------------------------------------

--
-- Table structure for table `inventory`
--

CREATE TABLE IF NOT EXISTS `inventory` (
  `sku` int(11) DEFAULT NULL,
  `size_id` int(11) DEFAULT NULL,
  `quantity` int(11) DEFAULT NULL
) ENGINE=InnoDB DEFAULT CHARSET=utf8 COLLATE=utf8_unicode_ci;

--
-- Dumping data for table `inventory`
--

INSERT INTO `inventory` (`sku`, `size_id`, `quantity`) VALUES
(101, 1, 100),
(101, 4, 101),
(101, 3, 102),
(101, 2, 103),
(102, 1, 95),
(102, 2, 96),
(102, 4, 97),
(102, 3, 98),
(103, 1, 67),
(103, 2, 68),
(103, 3, 69),
(103, 4, 70),
(104, 1, 121),
(104, 2, 122),
(104, 3, 123),
(104, 4, 124),
(105, 4, 77),
(105, 3, 78),
(105, 2, 79),
(105, 1, 80),
(106, 1, 52),
(106, 2, 53),
(106, 3, 54),
(106, 4, 55),
(107, 4, 76),
(107, 3, 77),
(107, 2, 78),
(107, 1, 79),
(108, 1, 100),
(108, 2, 101),
(108, 3, 102),
(108, 4, 103),
(109, 4, 95),
(109, 3, 96),
(109, 2, 97),
(109, 1, 98),
(110, 1, 67),
(110, 2, 68),
(110, 3, 69),
(110, 4, 70),
(111, 4, 121),
(111, 3, 122),
(111, 2, 123),
(111, 1, 124),
(112, 1, 77),
(112, 2, 78),
(112, 3, 79),
(112, 4, 80),
(113, 4, 52),
(113, 3, 53),
(113, 2, 54),
(113, 1, 55),
(114, 1, 76),
(114, 2, 77),
(114, 3, 78),
(114, 4, 79),
(115, 1, 100),
(115, 2, 101),
(115, 3, 102),
(115, 4, 103),
(116, 4, 95),
(116, 3, 96),
(116, 2, 97),
(116, 1, 98),
(117, 4, 67),
(117, 3, 68),
(117, 2, 69),
(117, 1, 70),
(118, 1, 121),
(118, 2, 122),
(118, 3, 123),
(118, 4, 124),
(119, 1, 77),
(119, 2, 78),
(119, 3, 79),
(119, 4, 80),
(120, 4, 52),
(120, 3, 53),
(120, 2, 54),
(120, 1, 55),
(121, 1, 76),
(121, 2, 77),
(121, 3, 78),
(121, 4, 79),
(122, 4, 100),
(122, 3, 101),
(122, 2, 102),
(122, 1, 103),
(123, 1, 95),
(123, 2, 96),
(123, 3, 97),
(123, 4, 98),
(124, 1, 67),
(124, 2, 68),
(124, 3, 69),
(124, 4, 70),
(125, 4, 121),
(125, 3, 122),
(125, 2, 123),
(125, 1, 124),
(126, 4, 77),
(126, 1, 78),
(126, 2, 79),
(126, 3, 80),
(127, 1, 52),
(127, 2, 53),
(127, 3, 54),
(127, 4, 55),
(128, 4, 76),
(128, 3, 77),
(128, 2, 78),
(128, 1, 79),
(129, 1, 100),
(129, 2, 101),
(129, 3, 102),
(129, 4, 103),
(130, 1, 95),
(130, 2, 96),
(130, 3, 97),
(130, 4, 98),
(131, 1, 67),
(131, 2, 68),
(131, 3, 69),
(131, 4, 70),
(132, 3, 121),
(132, 2, 122),
(132, 1, 123),
(132, 4, 124);

-- --------------------------------------------------------

--
-- Table structure for table `orders_details`
--

CREATE TABLE IF NOT EXISTS `orders_details` (
  `order_id` int(11) NOT NULL,
  `sku` int(11) DEFAULT NULL,
  `size` varchar(32) COLLATE utf8_unicode_ci DEFAULT NULL,
  `quantity` int(11) DEFAULT NULL,
  `status` varchar(50) COLLATE utf8_unicode_ci DEFAULT NULL
) ENGINE=InnoDB AUTO_INCREMENT=2255 DEFAULT CHARSET=utf8 COLLATE=utf8_unicode_ci;

--
-- Dumping data for table `orders_details`
--

INSERT INTO `orders_details` (`order_id`, `sku`, `size`, `quantity`, `status`) VALUES
(1155, 101, 'Small', 5, 'Order Processed'),
(1156, 101, 'X-Large', 6, 'Order Processed'),
(1157, 101, 'Large', 1, 'Order Processed'),
(1158, 101, 'Medium', 2, 'Order Processed'),
(1159, 102, 'Small', 1, 'Order Processed'),
(1160, 102, 'Medium', 2, 'Order Processed'),
(1161, 102, 'X-Large', 3, 'Order Processed'),
(1162, 102, 'Large', 4, 'Order Processed'),
(1163, 103, 'Small', 3, 'Order Processed'),
(1164, 103, 'Medium', 4, 'Order Processed'),
(1165, 103, 'Large', 5, 'Order Processed'),
(1166, 103, 'X-Large', 6, 'Order Processed'),
(1167, 104, 'Small', 5, 'Order Processed'),
(1168, 104, 'Medium', 6, 'Order Processed'),
(1169, 104, 'Large', 1, 'Order Processed'),
(1170, 104, 'X-Large', 2, 'Order Processed'),
(1171, 105, 'X-Large', 1, 'Order Processed'),
(1172, 105, 'Large', 2, 'Order Processed'),
(1173, 105, 'Medium', 3, 'Order Processed'),
(1174, 105, 'Small', 4, 'Shipped'),
(1175, 106, 'Small', 3, 'Shipped'),
(1176, 106, 'Medium', 4, 'Shipped'),
(1177, 106, 'Large', 5, 'Shipped'),
(1178, 106, 'X-Large', 6, 'Shipped'),
(1179, 107, 'X-Large', 5, 'Shipped'),
(1180, 107, 'Large', 6, 'Shipped'),
(1181, 107, 'Medium', 1, 'Shipped'),
(1182, 107, 'Small', 2, 'Shipped'),
(1183, 108, 'Small', 1, 'Shipped'),
(1184, 108, 'Medium', 2, 'Shipped'),
(1185, 108, 'Large', 3, 'Shipped'),
(1186, 108, 'X-Large', 4, 'Shipped'),
(1187, 109, 'X-Large', 3, 'Delivered'),
(1188, 109, 'Large', 4, 'Delivered'),
(1189, 109, 'Medium', 5, 'Delivered'),
(1190, 109, 'Small', 6, 'Delivered'),
(1191, 110, 'Small', 5, 'Delivered'),
(1192, 110, 'Medium', 6, 'Delivered'),
(1193, 110, 'Large', 1, 'Delivered'),
(1194, 110, 'X-Large', 2, 'Delivered'),
(1195, 111, 'X-Large', 1, 'Delivered'),
(1196, 111, 'Large', 2, 'Delivered'),
(1197, 111, 'Medium', 3, 'Delivered'),
(1198, 111, 'Small', 4, 'Delivered'),
(1199, 112, 'Small', 3, 'Delivered'),
(1200, 112, 'Medium', 4, 'Delivered'),
(1201, 112, 'Large', 5, 'Delivered'),
(1202, 112, 'X-Large', 6, 'Delivered'),
(1203, 113, 'X-Large', 5, 'Delivered'),
(1204, 113, 'Large', 6, 'Order Placed Successfully'),
(1205, 113, 'Medium', 1, 'Order Placed Successfully'),
(1206, 113, 'Small', 2, 'Order Placed Successfully'),
(1207, 114, 'Small', 1, 'Order Placed Successfully'),
(1208, 114, 'Medium', 2, 'Order Placed Successfully'),
(1209, 114, 'Large', 3, 'Order Placed Successfully'),
(1210, 114, 'X-Large', 4, 'Order Placed Successfully'),
(1211, 115, 'Small', 3, 'Order Placed Successfully'),
(1212, 115, 'Medium', 4, 'Order Placed Successfully'),
(1213, 115, 'Large', 5, 'Order Placed Successfully'),
(1214, 115, 'X-Large', 6, 'Order Placed Successfully'),
(1215, 116, 'X-Large', 5, 'Order Placed Successfully'),
(1216, 116, 'Large', 6, 'Order Placed Successfully'),
(1217, 116, 'Medium', 1, 'Order Placed Successfully'),
(1218, 116, 'Small', 2, 'Order Placed Successfully'),
(1219, 117, 'X-Large', 1, 'Order Placed Successfully'),
(1220, 117, 'Large', 2, 'Order Placed Successfully'),
(1221, 117, 'Medium', 3, 'Order Placed Successfully'),
(1222, 117, 'Small', 4, 'Order Placed Successfully'),
(1223, 118, 'Small', 3, 'Order Placed Successfully'),
(1224, 118, 'Medium', 4, 'Order Placed Successfully'),
(1225, 118, 'Large', 5, 'Order Placed Successfully'),
(1226, 118, 'X-Large', 6, 'Order Placed Successfully'),
(1227, 119, 'Small', 5, 'Order Placed Successfully'),
(1228, 119, 'Medium', 6, 'Order Placed Successfully'),
(1229, 119, 'Large', 1, 'Order Placed Successfully'),
(1230, 119, 'X-Large', 2, 'Order Placed Successfully'),
(1231, 120, 'X-Large', 1, 'Order Placed Successfully'),
(1232, 120, 'Large', 2, 'Order Placed Successfully'),
(1233, 120, 'Medium', 3, 'Order Placed Successfully'),
(1234, 120, 'Small', 4, 'Order Placed Successfully'),
(1235, 121, 'Small', 3, 'Order Placed Successfully'),
(1236, 121, 'Medium', 4, 'Order Placed Successfully'),
(1237, 121, 'Large', 5, 'Order Placed Successfully'),
(1238, 121, 'X-Large', 6, 'Order Placed Successfully'),
(1239, 122, 'X-Large', 5, 'Order Placed Successfully'),
(1240, 122, 'Large', 6, 'Order Placed Successfully'),
(1241, 122, 'Medium', 1, 'Order Placed Successfully'),
(1242, 122, 'Small', 2, 'Order Placed Successfully'),
(1243, 123, 'Small', 1, 'Order Placed Successfully'),
(1244, 123, 'Medium', 2, 'Order Placed Successfully'),
(1245, 123, 'Large', 3, 'Order Placed Successfully'),
(1246, 123, 'X-Large', 4, 'Order Placed Successfully'),
(1247, 124, 'Small', 3, 'Order Placed Successfully'),
(1248, 124, 'Medium', 4, 'Order Placed Successfully'),
(1249, 124, 'Large', 5, 'Order Placed Successfully'),
(1250, 124, 'X-Large', 6, 'Order Placed Successfully'),
(1251, 125, 'X-Large', 5, 'Order Placed Successfully'),
(1252, 125, 'Large', 6, 'Order Placed Successfully'),
(1253, 125, 'Medium', 1, 'Order Placed Successfully'),
(1254, 125, 'Small', 2, 'Order Placed Successfully'),
(1255, 126, 'X-Large', 1, 'Order Placed Successfully'),
(1256, 126, 'Small', 2, 'Order Placed Successfully'),
(1257, 126, 'Medium', 3, 'Order Placed Successfully'),
(1258, 126, 'Large', 4, 'Order Placed Successfully'),
(1259, 127, 'Small', 3, 'Order Placed Successfully'),
(1260, 127, 'Medium', 4, 'Order Placed Successfully'),
(1261, 127, 'Large', 5, 'Order Placed Successfully'),
(1262, 127, 'X-Large', 6, 'Order Placed Successfully'),
(1263, 128, 'X-Large', 5, 'Order Placed Successfully'),
(1264, 128, 'Large', 6, 'Order Placed Successfully'),
(1265, 128, 'Medium', 1, 'Order Placed Successfully'),
(1266, 128, 'Small', 2, 'Order Placed Successfully'),
(1267, 129, 'Small', 1, 'Order Placed Successfully'),
(1268, 129, 'Medium', 2, 'Order Placed Successfully'),
(1269, 129, 'Large', 3, 'Order Placed Successfully'),
(1270, 129, 'X-Large', 4, 'Order Placed Successfully'),
(1271, 130, 'Small', 3, 'Order Placed Successfully'),
(1272, 130, 'Medium', 4, 'Order Placed Successfully'),
(1273, 130, 'Large', 5, 'Order Placed Successfully'),
(1274, 130, 'X-Large', 6, 'Order Placed Successfully'),
(1275, 131, 'Small', 5, 'Order Placed Successfully'),
(1276, 131, 'Medium', 6, 'Order Placed Successfully'),
(1277, 131, 'Large', 1, 'Order Placed Successfully'),
(1278, 131, 'X-Large', 2, 'Order Placed Successfully'),
(1279, 132, 'Large', 1, 'Order Placed Successfully'),
(1280, 132, 'Medium', 2, 'Order Placed Successfully'),
(1281, 132, 'Small', 3, 'Order Placed Successfully'),
(1282, 132, 'X-Large', 4, 'Delivered'),
(1283, 101, 'Small', 5, 'Order Processed'),
(1284, 101, 'X-Large', 6, 'Order Processed'),
(1285, 101, 'Large', 1, 'Order Processed'),
(1286, 101, 'Medium', 2, 'Order Processed'),
(1287, 102, 'Small', 1, 'Order Processed'),
(1288, 102, 'Medium', 2, 'Order Processed'),
(1289, 102, 'X-Large', 3, 'Order Processed'),
(1290, 102, 'Large', 4, 'Order Processed'),
(1291, 103, 'Small', 3, 'Order Processed'),
(1292, 103, 'Medium', 4, 'Order Processed'),
(1293, 103, 'Large', 5, 'Order Processed'),
(1294, 103, 'X-Large', 6, 'Order Processed'),
(1295, 104, 'Small', 5, 'Order Processed'),
(1296, 104, 'Medium', 6, 'Order Processed'),
(1297, 104, 'Large', 1, 'Order Processed'),
(1298, 104, 'X-Large', 2, 'Order Processed'),
(1299, 105, 'X-Large', 1, 'Order Processed'),
(1300, 105, 'Large', 2, 'Order Processed'),
(1301, 105, 'Medium', 3, 'Order Processed'),
(1302, 105, 'Small', 4, 'Shipped'),
(1303, 106, 'Small', 3, 'Shipped'),
(1304, 106, 'Medium', 4, 'Shipped'),
(1305, 106, 'Large', 5, 'Shipped'),
(1306, 106, 'X-Large', 6, 'Shipped'),
(1307, 107, 'X-Large', 5, 'Shipped'),
(1308, 107, 'Large', 6, 'Shipped'),
(1309, 107, 'Medium', 1, 'Shipped'),
(1310, 107, 'Small', 2, 'Shipped'),
(1311, 108, 'Small', 1, 'Shipped'),
(1312, 108, 'Medium', 2, 'Shipped'),
(1313, 108, 'Large', 3, 'Shipped'),
(1314, 108, 'X-Large', 4, 'Shipped'),
(1315, 109, 'X-Large', 3, 'Delivered'),
(1316, 109, 'Large', 4, 'Delivered'),
(1317, 109, 'Medium', 5, 'Delivered'),
(1318, 109, 'Small', 6, 'Delivered'),
(1319, 110, 'Small', 5, 'Delivered'),
(1320, 110, 'Medium', 6, 'Delivered'),
(1321, 110, 'Large', 1, 'Delivered'),
(1322, 110, 'X-Large', 2, 'Delivered'),
(1323, 111, 'X-Large', 1, 'Delivered'),
(1324, 111, 'Large', 2, 'Delivered'),
(1325, 111, 'Medium', 3, 'Delivered'),
(1326, 111, 'Small', 4, 'Delivered'),
(1327, 112, 'Small', 3, 'Delivered'),
(1328, 112, 'Medium', 4, 'Delivered'),
(1329, 112, 'Large', 5, 'Delivered'),
(1330, 112, 'X-Large', 6, 'Delivered'),
(1331, 113, 'X-Large', 5, 'Delivered'),
(1332, 113, 'Large', 6, 'Order Placed Successfully'),
(1333, 113, 'Medium', 1, 'Order Placed Successfully'),
(1334, 113, 'Small', 2, 'Order Placed Successfully'),
(1335, 114, 'Small', 1, 'Order Placed Successfully'),
(1336, 114, 'Medium', 2, 'Order Placed Successfully'),
(1337, 114, 'Large', 3, 'Order Placed Successfully'),
(1338, 114, 'X-Large', 4, 'Order Placed Successfully'),
(1339, 115, 'Small', 3, 'Order Placed Successfully'),
(1340, 115, 'Medium', 4, 'Order Placed Successfully'),
(1341, 115, 'Large', 5, 'Order Placed Successfully'),
(1342, 115, 'X-Large', 6, 'Order Placed Successfully'),
(1343, 116, 'X-Large', 5, 'Order Placed Successfully'),
(1344, 116, 'Large', 6, 'Order Placed Successfully'),
(1345, 116, 'Medium', 1, 'Order Placed Successfully'),
(1346, 116, 'Small', 2, 'Order Placed Successfully'),
(1347, 117, 'X-Large', 1, 'Order Placed Successfully'),
(1348, 117, 'Large', 2, 'Order Placed Successfully'),
(1349, 117, 'Medium', 3, 'Order Placed Successfully'),
(1350, 117, 'Small', 4, 'Order Placed Successfully'),
(1351, 118, 'Small', 3, 'Order Placed Successfully'),
(1352, 118, 'Medium', 4, 'Order Placed Successfully'),
(1353, 118, 'Large', 5, 'Order Placed Successfully'),
(1354, 118, 'X-Large', 6, 'Order Placed Successfully'),
(1355, 119, 'Small', 5, 'Order Placed Successfully'),
(1356, 119, 'Medium', 6, 'Order Placed Successfully'),
(1357, 119, 'Large', 1, 'Order Placed Successfully'),
(1358, 119, 'X-Large', 2, 'Order Placed Successfully'),
(1359, 120, 'X-Large', 1, 'Order Placed Successfully'),
(1360, 120, 'Large', 2, 'Order Placed Successfully'),
(1361, 120, 'Medium', 3, 'Order Placed Successfully'),
(1362, 120, 'Small', 4, 'Order Placed Successfully'),
(1363, 121, 'Small', 3, 'Order Placed Successfully'),
(1364, 121, 'Medium', 4, 'Order Placed Successfully'),
(1365, 121, 'Large', 5, 'Order Placed Successfully'),
(1366, 121, 'X-Large', 6, 'Order Placed Successfully'),
(1367, 122, 'X-Large', 5, 'Order Placed Successfully'),
(1368, 122, 'Large', 6, 'Order Placed Successfully'),
(1369, 122, 'Medium', 1, 'Order Placed Successfully'),
(1370, 122, 'Small', 2, 'Order Placed Successfully'),
(1371, 123, 'Small', 1, 'Order Placed Successfully'),
(1372, 123, 'Medium', 2, 'Order Placed Successfully'),
(1373, 123, 'Large', 3, 'Order Placed Successfully'),
(1374, 123, 'X-Large', 4, 'Order Placed Successfully'),
(1375, 124, 'Small', 3, 'Order Placed Successfully'),
(1376, 124, 'Medium', 4, 'Order Placed Successfully'),
(1377, 124, 'Large', 5, 'Order Placed Successfully'),
(1378, 124, 'X-Large', 6, 'Order Placed Successfully'),
(1379, 125, 'X-Large', 5, 'Order Placed Successfully'),
(1380, 125, 'Large', 6, 'Order Placed Successfully'),
(1381, 125, 'Medium', 1, 'Order Placed Successfully'),
(1382, 125, 'Small', 2, 'Order Placed Successfully'),
(1383, 126, 'X-Large', 1, 'Order Placed Successfully'),
(1384, 126, 'Small', 2, 'Order Placed Successfully'),
(1385, 126, 'Medium', 3, 'Order Placed Successfully'),
(1386, 126, 'Large', 4, 'Order Placed Successfully'),
(1387, 127, 'Small', 3, 'Order Placed Successfully'),
(1388, 127, 'Medium', 4, 'Order Placed Successfully'),
(1389, 127, 'Large', 5, 'Order Placed Successfully'),
(1390, 127, 'X-Large', 6, 'Order Placed Successfully'),
(1391, 128, 'X-Large', 5, 'Order Placed Successfully'),
(1392, 128, 'Large', 6, 'Order Placed Successfully'),
(1393, 128, 'Medium', 1, 'Order Placed Successfully'),
(1394, 128, 'Small', 2, 'Order Placed Successfully'),
(1395, 129, 'Small', 1, 'Order Placed Successfully'),
(1396, 129, 'Medium', 2, 'Order Placed Successfully'),
(1397, 129, 'Large', 3, 'Order Placed Successfully'),
(1398, 129, 'X-Large', 4, 'Order Placed Successfully'),
(1399, 130, 'Small', 3, 'Order Placed Successfully'),
(1400, 130, 'Medium', 4, 'Order Placed Successfully'),
(1401, 130, 'Large', 5, 'Order Placed Successfully'),
(1402, 130, 'X-Large', 6, 'Order Placed Successfully'),
(1403, 131, 'Small', 5, 'Order Placed Successfully'),
(1404, 131, 'Medium', 6, 'Order Placed Successfully'),
(1405, 131, 'Large', 1, 'Order Placed Successfully'),
(1406, 131, 'X-Large', 2, 'Order Placed Successfully'),
(1407, 132, 'Large', 1, 'Order Placed Successfully'),
(1408, 132, 'Medium', 2, 'Order Placed Successfully'),
(1409, 132, 'Small', 3, 'Order Placed Successfully'),
(1410, 132, 'X-Large', 4, 'Delivered'),
(1411, 101, 'Small', 5, 'Order Processed'),
(1412, 101, 'X-Large', 6, 'Order Processed'),
(1413, 101, 'Large', 1, 'Order Processed'),
(1414, 101, 'Medium', 2, 'Order Processed'),
(1415, 102, 'Small', 1, 'Order Processed'),
(1416, 102, 'Medium', 2, 'Order Processed'),
(1417, 102, 'X-Large', 3, 'Order Processed'),
(1418, 102, 'Large', 4, 'Order Processed'),
(1419, 103, 'Small', 3, 'Order Processed'),
(1420, 103, 'Medium', 4, 'Order Processed'),
(1421, 103, 'Large', 5, 'Order Processed'),
(1422, 103, 'X-Large', 6, 'Order Processed'),
(1423, 104, 'Small', 5, 'Order Processed'),
(1424, 104, 'Medium', 6, 'Order Processed'),
(1425, 104, 'Large', 1, 'Order Processed'),
(1426, 104, 'X-Large', 2, 'Order Processed'),
(1427, 105, 'X-Large', 1, 'Order Processed'),
(1428, 105, 'Large', 2, 'Order Processed'),
(1429, 105, 'Medium', 3, 'Order Processed'),
(1430, 105, 'Small', 4, 'Shipped'),
(1431, 106, 'Small', 3, 'Shipped'),
(1432, 106, 'Medium', 4, 'Shipped'),
(1433, 106, 'Large', 5, 'Shipped'),
(1434, 106, 'X-Large', 6, 'Shipped'),
(1435, 107, 'X-Large', 5, 'Shipped'),
(1436, 107, 'Large', 6, 'Shipped'),
(1437, 107, 'Medium', 1, 'Shipped'),
(1438, 107, 'Small', 2, 'Shipped'),
(1439, 108, 'Small', 1, 'Shipped'),
(1440, 108, 'Medium', 2, 'Shipped'),
(1441, 108, 'Large', 3, 'Shipped'),
(1442, 108, 'X-Large', 4, 'Shipped'),
(1443, 109, 'X-Large', 3, 'Delivered'),
(1444, 109, 'Large', 4, 'Delivered'),
(1445, 109, 'Medium', 5, 'Delivered'),
(1446, 109, 'Small', 6, 'Delivered'),
(1447, 110, 'Small', 5, 'Delivered'),
(1448, 110, 'Medium', 6, 'Delivered'),
(1449, 110, 'Large', 1, 'Delivered'),
(1450, 110, 'X-Large', 2, 'Delivered'),
(1451, 111, 'X-Large', 1, 'Delivered'),
(1452, 111, 'Large', 2, 'Delivered'),
(1453, 111, 'Medium', 3, 'Delivered'),
(1454, 111, 'Small', 4, 'Delivered'),
(1455, 112, 'Small', 3, 'Delivered'),
(1456, 112, 'Medium', 4, 'Delivered'),
(1457, 112, 'Large', 5, 'Delivered'),
(1458, 112, 'X-Large', 6, 'Delivered'),
(1459, 113, 'X-Large', 5, 'Delivered'),
(1460, 113, 'Large', 6, 'Order Placed Successfully'),
(1461, 113, 'Medium', 1, 'Order Placed Successfully'),
(1462, 113, 'Small', 2, 'Order Placed Successfully'),
(1463, 114, 'Small', 1, 'Order Placed Successfully'),
(1464, 114, 'Medium', 2, 'Order Placed Successfully'),
(1465, 114, 'Large', 3, 'Order Placed Successfully'),
(1466, 114, 'X-Large', 4, 'Order Placed Successfully'),
(1467, 115, 'Small', 3, 'Order Placed Successfully'),
(1468, 115, 'Medium', 4, 'Order Placed Successfully'),
(1469, 115, 'Large', 5, 'Order Placed Successfully'),
(1470, 115, 'X-Large', 6, 'Order Placed Successfully'),
(1471, 116, 'X-Large', 5, 'Order Placed Successfully'),
(1472, 116, 'Large', 6, 'Order Placed Successfully'),
(1473, 116, 'Medium', 1, 'Order Placed Successfully'),
(1474, 116, 'Small', 2, 'Order Placed Successfully'),
(1475, 117, 'X-Large', 1, 'Order Placed Successfully'),
(1476, 117, 'Large', 2, 'Order Placed Successfully'),
(1477, 117, 'Medium', 3, 'Order Placed Successfully'),
(1478, 117, 'Small', 4, 'Order Placed Successfully'),
(1479, 118, 'Small', 3, 'Order Placed Successfully'),
(1480, 118, 'Medium', 4, 'Order Placed Successfully'),
(1481, 118, 'Large', 5, 'Order Placed Successfully'),
(1482, 118, 'X-Large', 6, 'Order Placed Successfully'),
(1483, 119, 'Small', 5, 'Order Placed Successfully'),
(1484, 119, 'Medium', 6, 'Order Placed Successfully'),
(1485, 119, 'Large', 1, 'Order Placed Successfully'),
(1486, 119, 'X-Large', 2, 'Order Placed Successfully'),
(1487, 120, 'X-Large', 1, 'Order Placed Successfully'),
(1488, 120, 'Large', 2, 'Order Placed Successfully'),
(1489, 120, 'Medium', 3, 'Order Placed Successfully'),
(1490, 120, 'Small', 4, 'Order Placed Successfully'),
(1491, 121, 'Small', 3, 'Order Placed Successfully'),
(1492, 121, 'Medium', 4, 'Order Placed Successfully'),
(1493, 121, 'Large', 5, 'Order Placed Successfully'),
(1494, 121, 'X-Large', 6, 'Order Placed Successfully'),
(1495, 122, 'X-Large', 5, 'Order Placed Successfully'),
(1496, 122, 'Large', 6, 'Order Placed Successfully'),
(1497, 122, 'Medium', 1, 'Order Placed Successfully'),
(1498, 122, 'Small', 2, 'Order Placed Successfully'),
(1499, 123, 'Small', 1, 'Order Placed Successfully'),
(1500, 123, 'Medium', 2, 'Order Placed Successfully'),
(1501, 123, 'Large', 3, 'Order Placed Successfully'),
(1502, 123, 'X-Large', 4, 'Order Placed Successfully'),
(1503, 124, 'Small', 3, 'Order Placed Successfully'),
(1504, 124, 'Medium', 4, 'Order Placed Successfully'),
(1505, 124, 'Large', 5, 'Order Placed Successfully'),
(1506, 124, 'X-Large', 6, 'Order Placed Successfully'),
(1507, 125, 'X-Large', 5, 'Order Placed Successfully'),
(1508, 125, 'Large', 6, 'Order Placed Successfully'),
(1509, 125, 'Medium', 1, 'Order Placed Successfully'),
(1510, 125, 'Small', 2, 'Order Placed Successfully'),
(1511, 126, 'X-Large', 1, 'Order Placed Successfully'),
(1512, 126, 'Small', 2, 'Order Placed Successfully'),
(1513, 126, 'Medium', 3, 'Order Placed Successfully'),
(1514, 126, 'Large', 4, 'Order Placed Successfully'),
(1515, 127, 'Small', 3, 'Order Placed Successfully'),
(1516, 127, 'Medium', 4, 'Order Placed Successfully'),
(1517, 127, 'Large', 5, 'Order Placed Successfully'),
(1518, 127, 'X-Large', 6, 'Order Placed Successfully'),
(1519, 128, 'X-Large', 5, 'Order Placed Successfully'),
(1520, 128, 'Large', 6, 'Order Placed Successfully'),
(1521, 128, 'Medium', 1, 'Order Placed Successfully'),
(1522, 128, 'Small', 2, 'Order Placed Successfully'),
(1523, 129, 'Small', 1, 'Order Placed Successfully'),
(1524, 129, 'Medium', 2, 'Order Placed Successfully'),
(1525, 129, 'Large', 3, 'Order Placed Successfully'),
(1526, 129, 'X-Large', 4, 'Order Placed Successfully'),
(1527, 130, 'Small', 3, 'Order Placed Successfully'),
(1528, 130, 'Medium', 4, 'Order Placed Successfully'),
(1529, 130, 'Large', 5, 'Order Placed Successfully'),
(1530, 130, 'X-Large', 6, 'Order Placed Successfully'),
(1531, 131, 'Small', 5, 'Order Placed Successfully'),
(1532, 131, 'Medium', 6, 'Order Placed Successfully'),
(1533, 131, 'Large', 1, 'Order Placed Successfully'),
(1534, 131, 'X-Large', 2, 'Order Placed Successfully'),
(1535, 132, 'Large', 1, 'Order Placed Successfully'),
(1536, 132, 'Medium', 2, 'Order Placed Successfully'),
(1537, 132, 'Small', 3, 'Order Placed Successfully'),
(1538, 132, 'X-Large', 4, 'Delivered'),
(1539, 101, 'Small', 5, 'Order Processed'),
(1540, 101, 'X-Large', 6, 'Order Processed'),
(1541, 101, 'Large', 1, 'Order Processed'),
(1542, 101, 'Medium', 2, 'Order Processed'),
(1543, 102, 'Small', 1, 'Order Processed'),
(1544, 102, 'Medium', 2, 'Order Processed'),
(1545, 102, 'X-Large', 3, 'Order Processed'),
(1546, 102, 'Large', 4, 'Order Processed'),
(1547, 103, 'Small', 3, 'Order Processed'),
(1548, 103, 'Medium', 4, 'Order Processed'),
(1549, 103, 'Large', 5, 'Order Processed'),
(1550, 103, 'X-Large', 6, 'Order Processed'),
(1551, 104, 'Small', 5, 'Order Processed'),
(1552, 104, 'Medium', 6, 'Order Processed'),
(1553, 104, 'Large', 1, 'Order Processed'),
(1554, 104, 'X-Large', 2, 'Order Processed'),
(1555, 105, 'X-Large', 1, 'Order Processed'),
(1556, 105, 'Large', 2, 'Order Processed'),
(1557, 105, 'Medium', 3, 'Order Processed'),
(1558, 105, 'Small', 4, 'Shipped'),
(1559, 106, 'Small', 3, 'Shipped'),
(1560, 106, 'Medium', 4, 'Shipped'),
(1561, 106, 'Large', 5, 'Shipped'),
(1562, 106, 'X-Large', 6, 'Shipped'),
(1563, 107, 'X-Large', 5, 'Shipped'),
(1564, 107, 'Large', 6, 'Shipped'),
(1565, 107, 'Medium', 1, 'Shipped'),
(1566, 107, 'Small', 2, 'Shipped'),
(1567, 108, 'Small', 1, 'Shipped'),
(1568, 108, 'Medium', 2, 'Shipped'),
(1569, 108, 'Large', 3, 'Shipped'),
(1570, 108, 'X-Large', 4, 'Shipped'),
(1571, 109, 'X-Large', 3, 'Delivered'),
(1572, 109, 'Large', 4, 'Delivered'),
(1573, 109, 'Medium', 5, 'Delivered'),
(1574, 109, 'Small', 6, 'Delivered'),
(1575, 110, 'Small', 5, 'Delivered'),
(1576, 110, 'Medium', 6, 'Delivered'),
(1577, 110, 'Large', 1, 'Delivered'),
(1578, 110, 'X-Large', 2, 'Delivered'),
(1579, 111, 'X-Large', 1, 'Delivered'),
(1580, 111, 'Large', 2, 'Delivered'),
(1581, 111, 'Medium', 3, 'Delivered'),
(1582, 111, 'Small', 4, 'Delivered'),
(1583, 112, 'Small', 3, 'Delivered'),
(1584, 112, 'Medium', 4, 'Delivered'),
(1585, 112, 'Large', 5, 'Delivered'),
(1586, 112, 'X-Large', 6, 'Delivered'),
(1587, 113, 'X-Large', 5, 'Delivered'),
(1588, 113, 'Large', 6, 'Order Placed Successfully'),
(1589, 113, 'Medium', 1, 'Order Placed Successfully'),
(1590, 113, 'Small', 2, 'Order Placed Successfully'),
(1591, 114, 'Small', 1, 'Order Placed Successfully'),
(1592, 114, 'Medium', 2, 'Order Placed Successfully'),
(1593, 114, 'Large', 3, 'Order Placed Successfully'),
(1594, 114, 'X-Large', 4, 'Order Placed Successfully'),
(1595, 115, 'Small', 3, 'Order Placed Successfully'),
(1596, 115, 'Medium', 4, 'Order Placed Successfully'),
(1597, 115, 'Large', 5, 'Order Placed Successfully'),
(1598, 115, 'X-Large', 6, 'Order Placed Successfully'),
(1599, 116, 'X-Large', 5, 'Order Placed Successfully'),
(1600, 116, 'Large', 6, 'Order Placed Successfully'),
(1601, 116, 'Medium', 1, 'Order Placed Successfully'),
(1602, 116, 'Small', 2, 'Order Placed Successfully'),
(1603, 117, 'X-Large', 1, 'Order Placed Successfully'),
(1604, 117, 'Large', 2, 'Order Placed Successfully'),
(1605, 117, 'Medium', 3, 'Order Placed Successfully'),
(1606, 117, 'Small', 4, 'Order Placed Successfully'),
(1607, 118, 'Small', 3, 'Order Placed Successfully'),
(1608, 118, 'Medium', 4, 'Order Placed Successfully'),
(1609, 118, 'Large', 5, 'Order Placed Successfully'),
(1610, 118, 'X-Large', 6, 'Order Placed Successfully'),
(1611, 119, 'Small', 5, 'Order Placed Successfully'),
(1612, 119, 'Medium', 6, 'Order Placed Successfully'),
(1613, 119, 'Large', 1, 'Order Placed Successfully'),
(1614, 119, 'X-Large', 2, 'Order Placed Successfully'),
(1615, 120, 'X-Large', 1, 'Order Placed Successfully'),
(1616, 120, 'Large', 2, 'Order Placed Successfully'),
(1617, 120, 'Medium', 3, 'Order Placed Successfully'),
(1618, 120, 'Small', 4, 'Order Placed Successfully'),
(1619, 121, 'Small', 3, 'Order Placed Successfully'),
(1620, 121, 'Medium', 4, 'Order Placed Successfully'),
(1621, 121, 'Large', 5, 'Order Placed Successfully'),
(1622, 121, 'X-Large', 6, 'Order Placed Successfully'),
(1623, 122, 'X-Large', 5, 'Order Placed Successfully'),
(1624, 122, 'Large', 6, 'Order Placed Successfully'),
(1625, 122, 'Medium', 1, 'Order Placed Successfully'),
(1626, 122, 'Small', 2, 'Order Placed Successfully'),
(1627, 123, 'Small', 1, 'Order Placed Successfully'),
(1628, 123, 'Medium', 2, 'Order Placed Successfully'),
(1629, 123, 'Large', 3, 'Order Placed Successfully'),
(1630, 123, 'X-Large', 4, 'Order Placed Successfully'),
(1631, 124, 'Small', 3, 'Order Placed Successfully'),
(1632, 124, 'Medium', 4, 'Order Placed Successfully'),
(1633, 124, 'Large', 5, 'Order Placed Successfully'),
(1634, 124, 'X-Large', 6, 'Order Placed Successfully'),
(1635, 125, 'X-Large', 5, 'Order Placed Successfully'),
(1636, 125, 'Large', 6, 'Order Placed Successfully'),
(1637, 125, 'Medium', 1, 'Order Placed Successfully'),
(1638, 125, 'Small', 2, 'Order Placed Successfully'),
(1639, 126, 'X-Large', 1, 'Order Placed Successfully'),
(1640, 126, 'Small', 2, 'Order Placed Successfully'),
(1641, 126, 'Medium', 3, 'Order Placed Successfully'),
(1642, 126, 'Large', 4, 'Order Placed Successfully'),
(1643, 127, 'Small', 3, 'Order Placed Successfully'),
(1644, 127, 'Medium', 4, 'Order Placed Successfully'),
(1645, 127, 'Large', 5, 'Order Placed Successfully'),
(1646, 127, 'X-Large', 6, 'Order Placed Successfully'),
(1647, 128, 'X-Large', 5, 'Order Placed Successfully'),
(1648, 128, 'Large', 6, 'Order Placed Successfully'),
(1649, 128, 'Medium', 1, 'Order Placed Successfully'),
(1650, 128, 'Small', 2, 'Order Placed Successfully'),
(1651, 129, 'Small', 1, 'Order Placed Successfully'),
(1652, 129, 'Medium', 2, 'Order Placed Successfully'),
(1653, 129, 'Large', 3, 'Order Placed Successfully'),
(1654, 129, 'X-Large', 4, 'Order Placed Successfully'),
(1655, 130, 'Small', 3, 'Order Placed Successfully'),
(1656, 130, 'Medium', 4, 'Order Placed Successfully'),
(1657, 130, 'Large', 5, 'Order Placed Successfully'),
(1658, 130, 'X-Large', 6, 'Order Placed Successfully'),
(1659, 131, 'Small', 5, 'Order Placed Successfully'),
(1660, 131, 'Medium', 6, 'Order Placed Successfully'),
(1661, 131, 'Large', 1, 'Order Placed Successfully'),
(1662, 131, 'X-Large', 2, 'Order Placed Successfully'),
(1663, 132, 'Large', 1, 'Order Placed Successfully'),
(1664, 132, 'Medium', 2, 'Order Placed Successfully'),
(1665, 132, 'Small', 3, 'Order Placed Successfully'),
(1666, 132, 'X-Large', 4, 'Delivered'),
(1667, 101, 'Small', 5, 'Order Processed'),
(1668, 101, 'X-Large', 6, 'Order Processed'),
(1669, 101, 'Large', 1, 'Order Processed'),
(1670, 101, 'Medium', 2, 'Order Processed'),
(1671, 102, 'Small', 1, 'Order Processed'),
(1672, 102, 'Medium', 2, 'Order Processed'),
(1673, 102, 'X-Large', 3, 'Order Processed'),
(1674, 102, 'Large', 4, 'Order Processed'),
(1675, 103, 'Small', 3, 'Order Processed'),
(1676, 103, 'Medium', 4, 'Order Processed'),
(1677, 103, 'Large', 5, 'Order Processed'),
(1678, 103, 'X-Large', 6, 'Order Processed'),
(1679, 104, 'Small', 5, 'Order Processed'),
(1680, 104, 'Medium', 6, 'Order Processed'),
(1681, 104, 'Large', 1, 'Order Processed'),
(1682, 104, 'X-Large', 2, 'Order Processed'),
(1683, 105, 'X-Large', 1, 'Order Processed'),
(1684, 105, 'Large', 2, 'Order Processed'),
(1685, 105, 'Medium', 3, 'Order Processed'),
(1686, 105, 'Small', 4, 'Shipped'),
(1687, 106, 'Small', 3, 'Shipped'),
(1688, 106, 'Medium', 4, 'Shipped'),
(1689, 106, 'Large', 5, 'Shipped'),
(1690, 106, 'X-Large', 6, 'Shipped'),
(1691, 107, 'X-Large', 5, 'Shipped'),
(1692, 107, 'Large', 6, 'Shipped'),
(1693, 107, 'Medium', 1, 'Shipped'),
(1694, 107, 'Small', 2, 'Shipped'),
(1695, 108, 'Small', 1, 'Shipped'),
(1696, 108, 'Medium', 2, 'Shipped'),
(1697, 108, 'Large', 3, 'Shipped'),
(1698, 108, 'X-Large', 4, 'Shipped'),
(1699, 109, 'X-Large', 3, 'Delivered'),
(1700, 109, 'Large', 4, 'Delivered'),
(1701, 109, 'Medium', 5, 'Delivered'),
(1702, 109, 'Small', 6, 'Delivered'),
(1703, 110, 'Small', 5, 'Delivered'),
(1704, 110, 'Medium', 6, 'Delivered'),
(1705, 110, 'Large', 1, 'Delivered'),
(1706, 110, 'X-Large', 2, 'Delivered'),
(1707, 111, 'X-Large', 1, 'Delivered'),
(1708, 111, 'Large', 2, 'Delivered'),
(1709, 111, 'Medium', 3, 'Delivered'),
(1710, 111, 'Small', 4, 'Delivered'),
(1711, 112, 'Small', 3, 'Delivered'),
(1712, 112, 'Medium', 4, 'Delivered'),
(1713, 112, 'Large', 5, 'Delivered'),
(1714, 112, 'X-Large', 6, 'Delivered'),
(1715, 113, 'X-Large', 5, 'Delivered'),
(1716, 113, 'Large', 6, 'Order Placed Successfully'),
(1717, 113, 'Medium', 1, 'Order Placed Successfully'),
(1718, 113, 'Small', 2, 'Order Placed Successfully'),
(1719, 114, 'Small', 1, 'Order Placed Successfully'),
(1720, 114, 'Medium', 2, 'Order Placed Successfully'),
(1721, 114, 'Large', 3, 'Order Placed Successfully'),
(1722, 114, 'X-Large', 4, 'Order Placed Successfully'),
(1723, 115, 'Small', 3, 'Order Placed Successfully'),
(1724, 115, 'Medium', 4, 'Order Placed Successfully'),
(1725, 115, 'Large', 5, 'Order Placed Successfully'),
(1726, 115, 'X-Large', 6, 'Order Placed Successfully'),
(1727, 116, 'X-Large', 5, 'Order Placed Successfully'),
(1728, 116, 'Large', 6, 'Order Placed Successfully'),
(1729, 116, 'Medium', 1, 'Order Placed Successfully'),
(1730, 116, 'Small', 2, 'Order Placed Successfully'),
(1731, 117, 'X-Large', 1, 'Order Placed Successfully'),
(1732, 117, 'Large', 2, 'Order Placed Successfully'),
(1733, 117, 'Medium', 3, 'Order Placed Successfully'),
(1734, 117, 'Small', 4, 'Order Placed Successfully'),
(1735, 118, 'Small', 3, 'Order Placed Successfully'),
(1736, 118, 'Medium', 4, 'Order Placed Successfully'),
(1737, 118, 'Large', 5, 'Order Placed Successfully'),
(1738, 118, 'X-Large', 6, 'Order Placed Successfully'),
(1739, 119, 'Small', 5, 'Order Placed Successfully'),
(1740, 119, 'Medium', 6, 'Order Placed Successfully'),
(1741, 119, 'Large', 1, 'Order Placed Successfully'),
(1742, 119, 'X-Large', 2, 'Order Placed Successfully'),
(1743, 120, 'X-Large', 1, 'Order Placed Successfully'),
(1744, 120, 'Large', 2, 'Order Placed Successfully'),
(1745, 120, 'Medium', 3, 'Order Placed Successfully'),
(1746, 120, 'Small', 4, 'Order Placed Successfully'),
(1747, 121, 'Small', 3, 'Order Placed Successfully'),
(1748, 121, 'Medium', 4, 'Order Placed Successfully'),
(1749, 121, 'Large', 5, 'Order Placed Successfully'),
(1750, 121, 'X-Large', 6, 'Order Placed Successfully'),
(1751, 122, 'X-Large', 5, 'Order Placed Successfully'),
(1752, 122, 'Large', 6, 'Order Placed Successfully'),
(1753, 122, 'Medium', 1, 'Order Placed Successfully'),
(1754, 122, 'Small', 2, 'Order Placed Successfully'),
(1755, 123, 'Small', 1, 'Order Placed Successfully'),
(1756, 123, 'Medium', 2, 'Order Placed Successfully'),
(1757, 123, 'Large', 3, 'Order Placed Successfully'),
(1758, 123, 'X-Large', 4, 'Order Placed Successfully'),
(1759, 124, 'Small', 3, 'Order Placed Successfully'),
(1760, 124, 'Medium', 4, 'Order Placed Successfully'),
(1761, 124, 'Large', 5, 'Order Placed Successfully'),
(1762, 124, 'X-Large', 6, 'Order Placed Successfully'),
(1763, 125, 'X-Large', 5, 'Order Placed Successfully'),
(1764, 125, 'Large', 6, 'Order Placed Successfully'),
(1765, 125, 'Medium', 1, 'Order Placed Successfully'),
(1766, 125, 'Small', 2, 'Order Placed Successfully'),
(1767, 126, 'X-Large', 1, 'Order Placed Successfully'),
(1768, 126, 'Small', 2, 'Order Placed Successfully'),
(1769, 126, 'Medium', 3, 'Order Placed Successfully'),
(1770, 126, 'Large', 4, 'Order Placed Successfully'),
(1771, 127, 'Small', 3, 'Order Placed Successfully'),
(1772, 127, 'Medium', 4, 'Order Placed Successfully'),
(1773, 127, 'Large', 5, 'Order Placed Successfully'),
(1774, 127, 'X-Large', 6, 'Order Placed Successfully'),
(1775, 128, 'X-Large', 5, 'Order Placed Successfully'),
(1776, 128, 'Large', 6, 'Order Placed Successfully'),
(1777, 128, 'Medium', 1, 'Order Placed Successfully'),
(1778, 128, 'Small', 2, 'Order Placed Successfully'),
(1779, 129, 'Small', 1, 'Order Placed Successfully'),
(1780, 129, 'Medium', 2, 'Order Placed Successfully'),
(1781, 129, 'Large', 3, 'Order Placed Successfully'),
(1782, 129, 'X-Large', 4, 'Order Placed Successfully'),
(1783, 130, 'Small', 3, 'Order Placed Successfully'),
(1784, 130, 'Medium', 4, 'Order Placed Successfully'),
(1785, 130, 'Large', 5, 'Order Placed Successfully'),
(1786, 130, 'X-Large', 6, 'Order Placed Successfully'),
(1787, 131, 'Small', 5, 'Order Placed Successfully'),
(1788, 131, 'Medium', 6, 'Order Placed Successfully'),
(1789, 131, 'Large', 1, 'Order Placed Successfully'),
(1790, 131, 'X-Large', 2, 'Order Placed Successfully'),
(1791, 132, 'Large', 1, 'Order Placed Successfully'),
(1792, 132, 'Medium', 2, 'Order Placed Successfully'),
(1793, 132, 'Small', 3, 'Order Placed Successfully'),
(1794, 132, 'X-Large', 4, 'Delivered'),
(1795, 101, 'Small', 5, 'Order Processed'),
(1796, 101, 'X-Large', 6, 'Order Processed'),
(1797, 101, 'Large', 1, 'Order Processed'),
(1798, 101, 'Medium', 2, 'Order Processed'),
(1799, 102, 'Small', 1, 'Order Processed'),
(1800, 102, 'Medium', 2, 'Order Processed'),
(1801, 102, 'X-Large', 3, 'Order Processed'),
(1802, 102, 'Large', 4, 'Order Processed'),
(1803, 103, 'Small', 3, 'Order Processed'),
(1804, 103, 'Medium', 4, 'Order Processed'),
(1805, 103, 'Large', 5, 'Order Processed'),
(1806, 103, 'X-Large', 6, 'Order Processed'),
(1807, 104, 'Small', 5, 'Order Processed'),
(1808, 104, 'Medium', 6, 'Order Processed'),
(1809, 104, 'Large', 1, 'Order Processed'),
(1810, 104, 'X-Large', 2, 'Order Processed'),
(1811, 105, 'X-Large', 1, 'Order Processed'),
(1812, 105, 'Large', 2, 'Order Processed'),
(1813, 105, 'Medium', 3, 'Order Processed'),
(1814, 105, 'Small', 4, 'Shipped'),
(1815, 106, 'Small', 3, 'Shipped'),
(1816, 106, 'Medium', 4, 'Shipped'),
(1817, 106, 'Large', 5, 'Shipped'),
(1818, 106, 'X-Large', 6, 'Shipped'),
(1819, 107, 'X-Large', 5, 'Shipped'),
(1820, 107, 'Large', 6, 'Shipped'),
(1821, 107, 'Medium', 1, 'Shipped'),
(1822, 107, 'Small', 2, 'Shipped'),
(1823, 108, 'Small', 1, 'Shipped'),
(1824, 108, 'Medium', 2, 'Shipped'),
(1825, 108, 'Large', 3, 'Shipped'),
(1826, 108, 'X-Large', 4, 'Shipped'),
(1827, 109, 'X-Large', 3, 'Delivered'),
(1828, 109, 'Large', 4, 'Delivered'),
(1829, 109, 'Medium', 5, 'Delivered'),
(1830, 109, 'Small', 6, 'Delivered'),
(1831, 110, 'Small', 5, 'Delivered'),
(1832, 110, 'Medium', 6, 'Delivered'),
(1833, 110, 'Large', 1, 'Delivered'),
(1834, 110, 'X-Large', 2, 'Delivered'),
(1835, 111, 'X-Large', 1, 'Delivered'),
(1836, 111, 'Large', 2, 'Delivered'),
(1837, 111, 'Medium', 3, 'Delivered'),
(1838, 111, 'Small', 4, 'Delivered'),
(1839, 112, 'Small', 3, 'Delivered'),
(1840, 112, 'Medium', 4, 'Delivered'),
(1841, 112, 'Large', 5, 'Delivered'),
(1842, 112, 'X-Large', 6, 'Delivered'),
(1843, 113, 'X-Large', 5, 'Delivered'),
(1844, 113, 'Large', 6, 'Order Placed Successfully'),
(1845, 113, 'Medium', 1, 'Order Placed Successfully'),
(1846, 113, 'Small', 2, 'Order Placed Successfully'),
(1847, 114, 'Small', 1, 'Order Placed Successfully'),
(1848, 114, 'Medium', 2, 'Order Placed Successfully'),
(1849, 114, 'Large', 3, 'Order Placed Successfully'),
(1850, 114, 'X-Large', 4, 'Order Placed Successfully'),
(1851, 115, 'Small', 3, 'Order Placed Successfully'),
(1852, 115, 'Medium', 4, 'Order Placed Successfully'),
(1853, 115, 'Large', 5, 'Order Placed Successfully'),
(1854, 115, 'X-Large', 6, 'Order Placed Successfully'),
(1855, 116, 'X-Large', 5, 'Order Placed Successfully'),
(1856, 116, 'Large', 6, 'Order Placed Successfully'),
(1857, 116, 'Medium', 1, 'Order Placed Successfully'),
(1858, 116, 'Small', 2, 'Order Placed Successfully'),
(1859, 117, 'X-Large', 1, 'Order Placed Successfully'),
(1860, 117, 'Large', 2, 'Order Placed Successfully'),
(1861, 117, 'Medium', 3, 'Order Placed Successfully'),
(1862, 117, 'Small', 4, 'Order Placed Successfully'),
(1863, 118, 'Small', 3, 'Order Placed Successfully'),
(1864, 118, 'Medium', 4, 'Order Placed Successfully'),
(1865, 118, 'Large', 5, 'Order Placed Successfully'),
(1866, 118, 'X-Large', 6, 'Order Placed Successfully'),
(1867, 119, 'Small', 5, 'Order Placed Successfully'),
(1868, 119, 'Medium', 6, 'Order Placed Successfully'),
(1869, 119, 'Large', 1, 'Order Placed Successfully'),
(1870, 119, 'X-Large', 2, 'Order Placed Successfully'),
(1871, 120, 'X-Large', 1, 'Order Placed Successfully'),
(1872, 120, 'Large', 2, 'Order Placed Successfully'),
(1873, 120, 'Medium', 3, 'Order Placed Successfully'),
(1874, 120, 'Small', 4, 'Order Placed Successfully'),
(1875, 121, 'Small', 3, 'Order Placed Successfully'),
(1876, 121, 'Medium', 4, 'Order Placed Successfully'),
(1877, 121, 'Large', 5, 'Order Placed Successfully'),
(1878, 121, 'X-Large', 6, 'Order Placed Successfully'),
(1879, 122, 'X-Large', 5, 'Order Placed Successfully'),
(1880, 122, 'Large', 6, 'Order Placed Successfully'),
(1881, 122, 'Medium', 1, 'Order Placed Successfully'),
(1882, 122, 'Small', 2, 'Order Placed Successfully'),
(1883, 123, 'Small', 1, 'Order Placed Successfully'),
(1884, 123, 'Medium', 2, 'Order Placed Successfully'),
(1885, 123, 'Large', 3, 'Order Placed Successfully'),
(1886, 123, 'X-Large', 4, 'Order Placed Successfully'),
(1887, 124, 'Small', 3, 'Order Placed Successfully'),
(1888, 124, 'Medium', 4, 'Order Placed Successfully'),
(1889, 124, 'Large', 5, 'Order Placed Successfully'),
(1890, 124, 'X-Large', 6, 'Order Placed Successfully'),
(1891, 125, 'X-Large', 5, 'Order Placed Successfully'),
(1892, 125, 'Large', 6, 'Order Placed Successfully'),
(1893, 125, 'Medium', 1, 'Order Placed Successfully'),
(1894, 125, 'Small', 2, 'Order Placed Successfully'),
(1895, 126, 'X-Large', 1, 'Order Placed Successfully'),
(1896, 126, 'Small', 2, 'Order Placed Successfully'),
(1897, 126, 'Medium', 3, 'Order Placed Successfully'),
(1898, 126, 'Large', 4, 'Order Placed Successfully'),
(1899, 127, 'Small', 3, 'Order Placed Successfully'),
(1900, 127, 'Medium', 4, 'Order Placed Successfully'),
(1901, 127, 'Large', 5, 'Order Placed Successfully'),
(1902, 127, 'X-Large', 6, 'Order Placed Successfully'),
(1903, 128, 'X-Large', 5, 'Order Placed Successfully'),
(1904, 128, 'Large', 6, 'Order Placed Successfully'),
(1905, 128, 'Medium', 1, 'Order Placed Successfully'),
(1906, 128, 'Small', 2, 'Order Placed Successfully'),
(1907, 129, 'Small', 1, 'Order Placed Successfully'),
(1908, 129, 'Medium', 2, 'Order Placed Successfully'),
(1909, 129, 'Large', 3, 'Order Placed Successfully'),
(1910, 129, 'X-Large', 4, 'Order Placed Successfully'),
(1911, 130, 'Small', 3, 'Order Placed Successfully'),
(1912, 130, 'Medium', 4, 'Order Placed Successfully'),
(1913, 130, 'Large', 5, 'Order Placed Successfully'),
(1914, 130, 'X-Large', 6, 'Order Placed Successfully'),
(1915, 131, 'Small', 5, 'Order Placed Successfully'),
(1916, 131, 'Medium', 6, 'Order Placed Successfully'),
(1917, 131, 'Large', 1, 'Order Placed Successfully'),
(1918, 131, 'X-Large', 2, 'Order Placed Successfully'),
(1919, 132, 'Large', 1, 'Order Placed Successfully'),
(1920, 132, 'Medium', 2, 'Order Placed Successfully'),
(1921, 132, 'Small', 3, 'Order Placed Successfully'),
(1922, 132, 'X-Large', 4, 'Delivered'),
(1923, 101, 'Small', 5, 'Order Processed'),
(1924, 101, 'X-Large', 6, 'Order Processed'),
(1925, 101, 'Large', 1, 'Order Processed'),
(1926, 101, 'Medium', 2, 'Order Processed'),
(1927, 102, 'Small', 1, 'Order Processed'),
(1928, 102, 'Medium', 2, 'Order Processed'),
(1929, 102, 'X-Large', 3, 'Order Processed'),
(1930, 102, 'Large', 4, 'Order Processed'),
(1931, 103, 'Small', 3, 'Order Processed'),
(1932, 103, 'Medium', 4, 'Order Processed'),
(1933, 103, 'Large', 5, 'Order Processed'),
(1934, 103, 'X-Large', 6, 'Order Processed'),
(1935, 104, 'Small', 5, 'Order Processed'),
(1936, 104, 'Medium', 6, 'Order Processed'),
(1937, 104, 'Large', 1, 'Order Processed'),
(1938, 104, 'X-Large', 2, 'Order Processed'),
(1939, 105, 'X-Large', 1, 'Order Processed'),
(1940, 105, 'Large', 2, 'Order Processed'),
(1941, 105, 'Medium', 3, 'Order Processed'),
(1942, 105, 'Small', 4, 'Shipped'),
(1943, 106, 'Small', 3, 'Shipped'),
(1944, 106, 'Medium', 4, 'Shipped'),
(1945, 106, 'Large', 5, 'Shipped'),
(1946, 106, 'X-Large', 6, 'Shipped'),
(1947, 107, 'X-Large', 5, 'Shipped'),
(1948, 107, 'Large', 6, 'Shipped'),
(1949, 107, 'Medium', 1, 'Shipped'),
(1950, 107, 'Small', 2, 'Shipped'),
(1951, 108, 'Small', 1, 'Shipped'),
(1952, 108, 'Medium', 2, 'Shipped'),
(1953, 108, 'Large', 3, 'Shipped'),
(1954, 108, 'X-Large', 4, 'Shipped'),
(1955, 109, 'X-Large', 3, 'Delivered'),
(1956, 109, 'Large', 4, 'Delivered'),
(1957, 109, 'Medium', 5, 'Delivered'),
(1958, 109, 'Small', 6, 'Delivered'),
(1959, 110, 'Small', 5, 'Delivered'),
(1960, 110, 'Medium', 6, 'Delivered'),
(1961, 110, 'Large', 1, 'Delivered'),
(1962, 110, 'X-Large', 2, 'Delivered'),
(1963, 111, 'X-Large', 1, 'Delivered'),
(1964, 111, 'Large', 2, 'Delivered'),
(1965, 111, 'Medium', 3, 'Delivered'),
(1966, 111, 'Small', 4, 'Delivered'),
(1967, 112, 'Small', 3, 'Delivered'),
(1968, 112, 'Medium', 4, 'Delivered'),
(1969, 112, 'Large', 5, 'Delivered'),
(1970, 112, 'X-Large', 6, 'Delivered'),
(1971, 113, 'X-Large', 5, 'Delivered'),
(1972, 113, 'Large', 6, 'Order Placed Successfully'),
(1973, 113, 'Medium', 1, 'Order Placed Successfully'),
(1974, 113, 'Small', 2, 'Order Placed Successfully'),
(1975, 114, 'Small', 1, 'Order Placed Successfully'),
(1976, 114, 'Medium', 2, 'Order Placed Successfully'),
(1977, 114, 'Large', 3, 'Order Placed Successfully'),
(1978, 114, 'X-Large', 4, 'Order Placed Successfully'),
(1979, 115, 'Small', 3, 'Order Placed Successfully'),
(1980, 115, 'Medium', 4, 'Order Placed Successfully'),
(1981, 115, 'Large', 5, 'Order Placed Successfully'),
(1982, 115, 'X-Large', 6, 'Order Placed Successfully'),
(1983, 116, 'X-Large', 5, 'Order Placed Successfully'),
(1984, 116, 'Large', 6, 'Order Placed Successfully'),
(1985, 116, 'Medium', 1, 'Order Placed Successfully'),
(1986, 116, 'Small', 2, 'Order Placed Successfully'),
(1987, 117, 'X-Large', 1, 'Order Placed Successfully'),
(1988, 117, 'Large', 2, 'Order Placed Successfully'),
(1989, 117, 'Medium', 3, 'Order Placed Successfully'),
(1990, 117, 'Small', 4, 'Order Placed Successfully'),
(1991, 118, 'Small', 3, 'Order Placed Successfully'),
(1992, 118, 'Medium', 4, 'Order Placed Successfully'),
(1993, 118, 'Large', 5, 'Order Placed Successfully'),
(1994, 118, 'X-Large', 6, 'Order Placed Successfully'),
(1995, 119, 'Small', 5, 'Order Placed Successfully'),
(1996, 119, 'Medium', 6, 'Order Placed Successfully'),
(1997, 119, 'Large', 1, 'Order Placed Successfully'),
(1998, 119, 'X-Large', 2, 'Order Placed Successfully'),
(1999, 120, 'X-Large', 1, 'Order Placed Successfully'),
(2000, 120, 'Large', 2, 'Order Placed Successfully'),
(2001, 120, 'Medium', 3, 'Order Placed Successfully'),
(2002, 120, 'Small', 4, 'Order Placed Successfully'),
(2003, 121, 'Small', 3, 'Order Placed Successfully'),
(2004, 121, 'Medium', 4, 'Order Placed Successfully'),
(2005, 121, 'Large', 5, 'Order Placed Successfully'),
(2006, 121, 'X-Large', 6, 'Order Placed Successfully'),
(2007, 122, 'X-Large', 5, 'Order Placed Successfully'),
(2008, 122, 'Large', 6, 'Order Placed Successfully'),
(2009, 122, 'Medium', 1, 'Order Placed Successfully'),
(2010, 122, 'Small', 2, 'Order Placed Successfully'),
(2011, 123, 'Small', 1, 'Order Placed Successfully'),
(2012, 123, 'Medium', 2, 'Order Placed Successfully'),
(2013, 123, 'Large', 3, 'Order Placed Successfully'),
(2014, 123, 'X-Large', 4, 'Order Placed Successfully'),
(2015, 124, 'Small', 3, 'Order Placed Successfully'),
(2016, 124, 'Medium', 4, 'Order Placed Successfully'),
(2017, 124, 'Large', 5, 'Order Placed Successfully'),
(2018, 124, 'X-Large', 6, 'Order Placed Successfully'),
(2019, 125, 'X-Large', 5, 'Order Placed Successfully'),
(2020, 125, 'Large', 6, 'Order Placed Successfully'),
(2021, 125, 'Medium', 1, 'Order Placed Successfully'),
(2022, 125, 'Small', 2, 'Order Placed Successfully'),
(2023, 126, 'X-Large', 1, 'Order Placed Successfully'),
(2024, 126, 'Small', 2, 'Order Placed Successfully'),
(2025, 126, 'Medium', 3, 'Order Placed Successfully'),
(2026, 126, 'Large', 4, 'Order Placed Successfully'),
(2027, 127, 'Small', 3, 'Order Placed Successfully'),
(2028, 127, 'Medium', 4, 'Order Placed Successfully'),
(2029, 127, 'Large', 5, 'Order Placed Successfully'),
(2030, 127, 'X-Large', 6, 'Order Placed Successfully'),
(2031, 128, 'X-Large', 5, 'Order Placed Successfully'),
(2032, 128, 'Large', 6, 'Order Placed Successfully'),
(2033, 128, 'Medium', 1, 'Order Placed Successfully'),
(2034, 128, 'Small', 2, 'Order Placed Successfully'),
(2035, 129, 'Small', 1, 'Order Placed Successfully'),
(2036, 129, 'Medium', 2, 'Order Placed Successfully'),
(2037, 129, 'Large', 3, 'Order Placed Successfully'),
(2038, 129, 'X-Large', 4, 'Order Placed Successfully'),
(2039, 130, 'Small', 3, 'Order Placed Successfully'),
(2040, 130, 'Medium', 4, 'Order Placed Successfully'),
(2041, 130, 'Large', 5, 'Order Placed Successfully'),
(2042, 130, 'X-Large', 6, 'Order Placed Successfully'),
(2043, 131, 'Small', 5, 'Order Placed Successfully'),
(2044, 131, 'Medium', 6, 'Order Placed Successfully'),
(2045, 131, 'Large', 1, 'Order Placed Successfully'),
(2046, 131, 'X-Large', 2, 'Order Placed Successfully'),
(2047, 132, 'Large', 1, 'Order Placed Successfully'),
(2048, 132, 'Medium', 2, 'Order Placed Successfully'),
(2049, 132, 'Small', 3, 'Order Placed Successfully'),
(2050, 132, 'X-Large', 4, 'Delivered'),
(2051, 101, 'Small', 5, 'Order Processed'),
(2052, 101, 'X-Large', 6, 'Order Processed'),
(2053, 101, 'Large', 1, 'Order Processed'),
(2054, 101, 'Medium', 2, 'Order Processed'),
(2055, 102, 'Small', 1, 'Order Processed'),
(2056, 102, 'Medium', 2, 'Order Processed'),
(2057, 102, 'X-Large', 3, 'Order Processed'),
(2058, 102, 'Large', 4, 'Order Processed'),
(2059, 103, 'Small', 3, 'Order Processed'),
(2060, 103, 'Medium', 4, 'Order Processed'),
(2061, 103, 'Large', 5, 'Order Processed'),
(2062, 103, 'X-Large', 6, 'Order Processed'),
(2063, 104, 'Small', 5, 'Order Processed'),
(2064, 104, 'Medium', 6, 'Order Processed'),
(2065, 104, 'Large', 1, 'Order Processed'),
(2066, 104, 'X-Large', 2, 'Order Processed'),
(2067, 105, 'X-Large', 1, 'Order Processed'),
(2068, 105, 'Large', 2, 'Order Processed'),
(2069, 105, 'Medium', 3, 'Order Processed'),
(2070, 105, 'Small', 4, 'Shipped'),
(2071, 106, 'Small', 3, 'Shipped'),
(2072, 106, 'Medium', 4, 'Shipped'),
(2073, 106, 'Large', 5, 'Shipped'),
(2074, 106, 'X-Large', 6, 'Shipped'),
(2075, 107, 'X-Large', 5, 'Shipped'),
(2076, 107, 'Large', 6, 'Shipped'),
(2077, 107, 'Medium', 1, 'Shipped'),
(2078, 107, 'Small', 2, 'Shipped'),
(2079, 108, 'Small', 1, 'Shipped'),
(2080, 108, 'Medium', 2, 'Shipped'),
(2081, 108, 'Large', 3, 'Shipped'),
(2082, 108, 'X-Large', 4, 'Shipped'),
(2083, 109, 'X-Large', 3, 'Delivered'),
(2084, 109, 'Large', 4, 'Delivered'),
(2085, 109, 'Medium', 5, 'Delivered'),
(2086, 109, 'Small', 6, 'Delivered'),
(2087, 110, 'Small', 5, 'Delivered'),
(2088, 110, 'Medium', 6, 'Delivered'),
(2089, 110, 'Large', 1, 'Delivered'),
(2090, 110, 'X-Large', 2, 'Delivered'),
(2091, 111, 'X-Large', 1, 'Delivered'),
(2092, 111, 'Large', 2, 'Delivered'),
(2093, 111, 'Medium', 3, 'Delivered'),
(2094, 111, 'Small', 4, 'Delivered'),
(2095, 112, 'Small', 3, 'Delivered'),
(2096, 112, 'Medium', 4, 'Delivered'),
(2097, 112, 'Large', 5, 'Delivered'),
(2098, 112, 'X-Large', 6, 'Delivered'),
(2099, 113, 'X-Large', 5, 'Delivered'),
(2100, 113, 'Large', 6, 'Order Placed Successfully'),
(2101, 113, 'Medium', 1, 'Order Placed Successfully'),
(2102, 113, 'Small', 2, 'Order Placed Successfully'),
(2103, 114, 'Small', 1, 'Order Placed Successfully'),
(2104, 114, 'Medium', 2, 'Order Placed Successfully'),
(2105, 114, 'Large', 3, 'Order Placed Successfully'),
(2106, 114, 'X-Large', 4, 'Order Placed Successfully'),
(2107, 115, 'Small', 3, 'Order Placed Successfully'),
(2108, 115, 'Medium', 4, 'Order Placed Successfully'),
(2109, 115, 'Large', 5, 'Order Placed Successfully'),
(2110, 115, 'X-Large', 6, 'Order Placed Successfully'),
(2111, 116, 'X-Large', 5, 'Order Placed Successfully'),
(2112, 116, 'Large', 6, 'Order Placed Successfully'),
(2113, 116, 'Medium', 1, 'Order Placed Successfully'),
(2114, 116, 'Small', 2, 'Order Placed Successfully'),
(2115, 117, 'X-Large', 1, 'Order Placed Successfully'),
(2116, 117, 'Large', 2, 'Order Placed Successfully'),
(2117, 117, 'Medium', 3, 'Order Placed Successfully'),
(2118, 117, 'Small', 4, 'Order Placed Successfully'),
(2119, 118, 'Small', 3, 'Order Placed Successfully'),
(2120, 118, 'Medium', 4, 'Order Placed Successfully'),
(2121, 118, 'Large', 5, 'Order Placed Successfully'),
(2122, 118, 'X-Large', 6, 'Order Placed Successfully'),
(2123, 119, 'Small', 5, 'Order Placed Successfully'),
(2124, 119, 'Medium', 6, 'Order Placed Successfully'),
(2125, 119, 'Large', 1, 'Order Placed Successfully'),
(2126, 119, 'X-Large', 2, 'Order Placed Successfully'),
(2127, 120, 'X-Large', 1, 'Order Placed Successfully'),
(2128, 120, 'Large', 2, 'Order Placed Successfully'),
(2129, 120, 'Medium', 3, 'Order Placed Successfully'),
(2130, 120, 'Small', 4, 'Order Placed Successfully'),
(2131, 121, 'Small', 3, 'Order Placed Successfully'),
(2132, 121, 'Medium', 4, 'Order Placed Successfully'),
(2133, 121, 'Large', 5, 'Order Placed Successfully'),
(2134, 121, 'X-Large', 6, 'Order Placed Successfully'),
(2135, 122, 'X-Large', 5, 'Order Placed Successfully'),
(2136, 122, 'Large', 6, 'Order Placed Successfully'),
(2137, 122, 'Medium', 1, 'Order Placed Successfully'),
(2138, 122, 'Small', 2, 'Order Placed Successfully'),
(2139, 123, 'Small', 1, 'Order Placed Successfully'),
(2140, 123, 'Medium', 2, 'Order Placed Successfully'),
(2141, 123, 'Large', 3, 'Order Placed Successfully'),
(2142, 123, 'X-Large', 4, 'Order Placed Successfully'),
(2143, 124, 'Small', 3, 'Order Placed Successfully'),
(2144, 124, 'Medium', 4, 'Order Placed Successfully'),
(2145, 124, 'Large', 5, 'Order Placed Successfully'),
(2146, 124, 'X-Large', 6, 'Order Placed Successfully'),
(2147, 125, 'X-Large', 5, 'Order Placed Successfully'),
(2148, 125, 'Large', 6, 'Order Placed Successfully'),
(2149, 125, 'Medium', 1, 'Order Placed Successfully'),
(2150, 125, 'Small', 2, 'Order Placed Successfully'),
(2151, 126, 'X-Large', 1, 'Order Placed Successfully'),
(2152, 126, 'Small', 2, 'Order Placed Successfully'),
(2153, 126, 'Medium', 3, 'Order Placed Successfully'),
(2154, 126, 'Large', 4, 'Order Placed Successfully'),
(2155, 127, 'Small', 3, 'Order Placed Successfully'),
(2156, 127, 'Medium', 4, 'Order Placed Successfully'),
(2157, 127, 'Large', 5, 'Order Placed Successfully'),
(2158, 127, 'X-Large', 6, 'Order Placed Successfully'),
(2159, 128, 'X-Large', 5, 'Order Placed Successfully'),
(2160, 128, 'Large', 6, 'Order Placed Successfully'),
(2161, 128, 'Medium', 1, 'Order Placed Successfully'),
(2162, 128, 'Small', 2, 'Order Placed Successfully'),
(2163, 129, 'Small', 1, 'Order Placed Successfully'),
(2164, 129, 'Medium', 2, 'Order Placed Successfully'),
(2165, 129, 'Large', 3, 'Order Placed Successfully'),
(2166, 129, 'X-Large', 4, 'Order Placed Successfully'),
(2167, 130, 'Small', 3, 'Order Placed Successfully'),
(2168, 130, 'Medium', 4, 'Order Placed Successfully'),
(2169, 130, 'Large', 5, 'Order Placed Successfully'),
(2170, 130, 'X-Large', 6, 'Order Placed Successfully'),
(2171, 131, 'Small', 5, 'Order Placed Successfully'),
(2172, 131, 'Medium', 6, 'Order Placed Successfully'),
(2173, 131, 'Large', 1, 'Order Placed Successfully'),
(2174, 131, 'X-Large', 2, 'Order Placed Successfully'),
(2175, 132, 'Large', 1, 'Order Placed Successfully'),
(2176, 132, 'Medium', 2, 'Order Placed Successfully'),
(2177, 132, 'Small', 3, 'Order Placed Successfully'),
(2178, 132, 'X-Large', 4, 'Delivered'),
(2179, 101, 'Small', 5, 'Order Processed'),
(2180, 101, 'X-Large', 6, 'Order Processed'),
(2181, 101, 'Large', 1, 'Order Processed'),
(2182, 101, 'Medium', 2, 'Order Processed'),
(2183, 102, 'Small', 1, 'Order Processed'),
(2184, 102, 'Medium', 2, 'Order Processed'),
(2185, 102, 'X-Large', 3, 'Order Processed'),
(2186, 102, 'Large', 4, 'Order Processed'),
(2187, 103, 'Small', 3, 'Order Processed'),
(2188, 103, 'Medium', 4, 'Order Processed'),
(2189, 103, 'Large', 5, 'Order Processed'),
(2190, 103, 'X-Large', 6, 'Order Processed'),
(2191, 104, 'Small', 5, 'Order Processed'),
(2192, 104, 'Medium', 6, 'Order Processed'),
(2193, 104, 'Large', 1, 'Order Processed'),
(2194, 104, 'X-Large', 2, 'Order Processed'),
(2195, 105, 'X-Large', 1, 'Order Processed'),
(2196, 105, 'Large', 2, 'Order Processed'),
(2197, 105, 'Medium', 3, 'Order Processed'),
(2198, 105, 'Small', 4, 'Shipped'),
(2199, 106, 'Small', 3, 'Shipped'),
(2200, 106, 'Medium', 4, 'Shipped'),
(2201, 106, 'Large', 5, 'Shipped'),
(2202, 106, 'X-Large', 6, 'Shipped'),
(2203, 107, 'X-Large', 5, 'Shipped'),
(2204, 107, 'Large', 6, 'Shipped'),
(2205, 107, 'Medium', 1, 'Shipped'),
(2206, 107, 'Small', 2, 'Shipped'),
(2207, 108, 'Small', 1, 'Shipped'),
(2208, 108, 'Medium', 2, 'Shipped'),
(2209, 108, 'Large', 3, 'Shipped'),
(2210, 108, 'X-Large', 4, 'Shipped'),
(2211, 109, 'X-Large', 3, 'Delivered'),
(2212, 109, 'Large', 4, 'Delivered'),
(2213, 109, 'Medium', 5, 'Delivered'),
(2214, 109, 'Small', 6, 'Delivered'),
(2215, 110, 'Small', 5, 'Delivered'),
(2216, 110, 'Medium', 6, 'Delivered'),
(2217, 110, 'Large', 1, 'Delivered'),
(2218, 110, 'X-Large', 2, 'Delivered');
INSERT INTO `orders_details` (`order_id`, `sku`, `size`, `quantity`, `status`) VALUES
(2219, 111, 'X-Large', 1, 'Delivered'),
(2220, 111, 'Large', 2, 'Delivered'),
(2221, 111, 'Medium', 3, 'Delivered'),
(2222, 111, 'Small', 4, 'Delivered'),
(2223, 112, 'Small', 3, 'Delivered'),
(2224, 112, 'Medium', 4, 'Delivered'),
(2225, 112, 'Large', 5, 'Delivered'),
(2226, 112, 'X-Large', 6, 'Delivered'),
(2227, 113, 'X-Large', 5, 'Delivered'),
(2228, 113, 'Large', 6, 'Order Placed Successfully'),
(2229, 113, 'Medium', 1, 'Order Placed Successfully'),
(2230, 113, 'Small', 2, 'Order Placed Successfully'),
(2231, 114, 'Small', 1, 'Order Placed Successfully'),
(2232, 114, 'Medium', 2, 'Order Placed Successfully'),
(2233, 114, 'Large', 3, 'Order Placed Successfully'),
(2234, 114, 'X-Large', 4, 'Order Placed Successfully'),
(2235, 115, 'Small', 3, 'Order Placed Successfully'),
(2236, 115, 'Medium', 4, 'Order Placed Successfully'),
(2237, 115, 'Large', 5, 'Order Placed Successfully'),
(2238, 115, 'X-Large', 6, 'Order Placed Successfully'),
(2239, 116, 'X-Large', 5, 'Order Placed Successfully'),
(2240, 116, 'Large', 6, 'Order Placed Successfully'),
(2241, 116, 'Medium', 1, 'Order Placed Successfully'),
(2242, 116, 'Small', 2, 'Order Placed Successfully'),
(2243, 117, 'X-Large', 1, 'Order Placed Successfully'),
(2244, 117, 'Large', 2, 'Order Placed Successfully'),
(2245, 117, 'Medium', 3, 'Order Placed Successfully'),
(2246, 117, 'Small', 4, 'Order Placed Successfully'),
(2247, 118, 'Small', 3, 'Order Placed Successfully'),
(2248, 118, 'Medium', 4, 'Order Placed Successfully'),
(2249, 118, 'Large', 5, 'Order Placed Successfully'),
(2250, 118, 'X-Large', 6, 'Order Placed Successfully'),
(2251, 119, 'Small', 5, 'Order Placed Successfully'),
(2252, 119, 'Medium', 6, 'Order Placed Successfully'),
(2253, 119, 'Large', 1, 'Order Placed Successfully'),
(2254, 119, 'X-Large', 2, 'Order Placed Successfully');

-- --------------------------------------------------------

--
-- Table structure for table `products`
--

CREATE TABLE IF NOT EXISTS `products` (
  `sku` int(11) NOT NULL,
  `name` varchar(255) COLLATE utf8_unicode_ci DEFAULT NULL,
  `img` varchar(255) COLLATE utf8_unicode_ci DEFAULT NULL,
  `price` decimal(10,2) DEFAULT NULL,
  `paypal` varchar(32) COLLATE utf8_unicode_ci DEFAULT NULL
) ENGINE=InnoDB DEFAULT CHARSET=utf8 COLLATE=utf8_unicode_ci;

--
-- Dumping data for table `products`
--

INSERT INTO `products` (`sku`, `name`, `img`, `price`, `paypal`) VALUES
(101, 'Printed Shirt, Mixed', 'img/shirts/shirt-101.jpg', '18.00', '9P7DLECFD4LKE'),
(102, 'Printed PHP, Light Grey', 'img/shirts/shirt-102.jpg', '20.00', 'SXKPTHN2EES3J'),
(103, 'Floral Print, Mixed Color', 'img/shirts/shirt-103.jpg', '20.00', '7T8LK5WXT5Q9J'),
(104, 'Minnesota Vikings, Dark Blue', 'img/shirts/shirt-104.jpg', '18.00', 'YKVL5F87E8PCS'),
(105, 'Printed Frog Shirt, Yellow', 'img/shirts/shirt-105.jpg', '25.00', '4CLP2SCVYM288'),
(106, 'Floral Print, Black', 'img/shirts/shirt-106.jpg', '20.00', 'TNAZ2RGYYJ396'),
(107, 'Printed CSS Shirt, Purple', 'img/shirts/shirt-107.jpg', '20.00', 'S5FMPJN6Y2C32'),
(108, 'Printed RBG, Black', 'img/shirts/shirt-108.jpg', '25.00', 'JMFK7P7VEHS44'),
(109, 'Dragon Print, Cream', 'img/shirts/shirt-109.jpg', '20.00', 'B5DAJHWHDA4RC'),
(110, 'HTML5 Shirt, Orange', 'img/shirts/shirt-110.jpg', '22.00', '6T2LVA8EDZR8L'),
(111, 'CSS3 Shirt, Gray', 'img/shirts/shirt-111.jpg', '22.00', 'MA2WQGE2KCWDS'),
(112, 'HTML5 Shirt, Blue', 'img/shirts/shirt-112.jpg', '22.00', 'FWR955VF5PALA'),
(113, 'CSS3 Shirt, Dark Gray', 'img/shirts/shirt-113.jpg', '22.00', '4ELH2M2FW7272'),
(114, 'Printed PHP Shirt, Yellow', 'img/shirts/shirt-114.jpg', '24.00', 'AT3XQ3ZVP2DZG'),
(115, 'Printed PHP Shirt, Purple', 'img/shirts/shirt-115.jpg', '24.00', 'LYESEKV9JWE3A'),
(116, 'Printed PHP Shirt, Green', 'img/shirts/shirt-116.jpg', '24.00', 'KT7MRRJUXZR34'),
(117, 'Printed Get Coding Shirt, Brown', 'img/shirts/shirt-117.jpg', '20.00', '5UXJG8PXRXFKE'),
(118, 'Printed Get Coding Shirt,Purple', 'img/shirts/shirt-118.jpg', '25.00', 'KHP8PYPDZZFTA'),
(119, 'Printed CSS3 Shirt, Purple', 'img/shirts/shirt-119.jpg', '22.00', 'BFJRFE24L93NW'),
(120, 'Printed HTML5 Shirt, Red', 'img/shirts/shirt-120.jpg', '22.00', 'RUVJSBR9FXXWQ'),
(121, 'Printed Eiffel Tower, Blue', 'img/shirts/shirt-121.jpg', '20.00', 'PGN6ULGFZTXL4'),
(122, 'Printed The Beatles, Black', 'img/shirts/shirt-122.jpg', '24.00', 'PYR4QH97W2TSJ'),
(123, 'Printed Doctype, Green', 'img/shirts/shirt-123.jpg', '25.00', 'STDAUJJTSPT54'),
(124, 'Printed PHP Shirt, Yellow', 'img/shirts/shirt-124.jpg', '20.00', '2R2U74KWU5RXG'),
(125, 'Printed Girl,Yellow', 'img/shirts/shirt-125.jpg', '22.00', 'GJG7F8EW3XFAS'),
(126, 'Girl in Hangover Shirt, White', 'img/shirts/shirt-126.jpg', '25.00', 'QW2LFRYGU7L4Q'),
(127, 'Born to Dance Shirt, White', 'img/shirts/shirt-127.jpg', '20.00', 'GFV6QVRMJU7F8'),
(128, 'Mini Coupe, Grey', 'img/shirts/shirt-128.jpg', '25.00', 'BARQMHMB565PN'),
(129, 'Get Coding Shirt, Grey', 'img/shirts/shirt-129.jpg', '20.00', 'DH9GXABU3P8GS'),
(130, 'Printed Frog Shirt, Purple', 'img/shirts/shirt-130.jpg', '22.00', '4LZ3EUVCBENE4'),
(131, 'Printed HTML5, Teal', 'img/shirts/shirt-131.jpg', '20.00', '7BNDYJBKWD364'),
(132, 'Mike the Frog Shirt, Red', 'img/shirts/shirt-132.jpg', '25.00', 'Y6EQRE445MYYW');

-- --------------------------------------------------------

--
-- Table structure for table `products_sizes`
--

CREATE TABLE IF NOT EXISTS `products_sizes` (
  `product_sku` int(11) DEFAULT NULL,
  `size_id` int(11) DEFAULT NULL
) ENGINE=InnoDB DEFAULT CHARSET=utf8 COLLATE=utf8_unicode_ci;

--
-- Dumping data for table `products_sizes`
--

INSERT INTO `products_sizes` (`product_sku`, `size_id`) VALUES
(101, 1),
(101, 2),
(101, 3),
(101, 4),
(102, 1),
(102, 2),
(102, 3),
(102, 4),
(103, 1),
(103, 2),
(103, 3),
(103, 4),
(104, 1),
(104, 2),
(104, 3),
(104, 4),
(105, 1),
(105, 2),
(105, 3),
(105, 4),
(106, 1),
(106, 2),
(106, 3),
(106, 4),
(107, 1),
(107, 2),
(107, 3),
(107, 4),
(108, 1),
(108, 2),
(108, 3),
(108, 4),
(109, 1),
(109, 2),
(109, 3),
(109, 4),
(110, 1),
(110, 2),
(110, 3),
(110, 4),
(111, 1),
(111, 2),
(111, 3),
(111, 4),
(112, 1),
(112, 2),
(112, 3),
(112, 4),
(113, 1),
(113, 2),
(113, 3),
(113, 4),
(114, 1),
(114, 2),
(114, 3),
(114, 4),
(115, 1),
(115, 2),
(115, 3),
(115, 4),
(116, 1),
(116, 2),
(116, 3),
(116, 4),
(117, 1),
(117, 2),
(117, 3),
(117, 4),
(118, 1),
(118, 2),
(118, 3),
(118, 4),
(119, 1),
(119, 2),
(119, 3),
(119, 4),
(120, 1),
(120, 2),
(120, 3),
(120, 4),
(121, 1),
(121, 2),
(121, 3),
(121, 4),
(122, 1),
(122, 2),
(122, 3),
(122, 4),
(123, 1),
(123, 2),
(123, 3),
(123, 4),
(124, 1),
(124, 2),
(124, 3),
(124, 4),
(125, 1),
(125, 2),
(125, 3),
(125, 4),
(126, 1),
(126, 2),
(126, 3),
(126, 4),
(127, 1),
(127, 2),
(127, 3),
(127, 4),
(128, 1),
(128, 2),
(128, 3),
(128, 4),
(129, 1),
(129, 2),
(129, 3),
(129, 4),
(130, 1),
(130, 2),
(130, 3),
(130, 4),
(131, 1),
(131, 2),
(131, 3),
(131, 4),
(132, 1),
(132, 2),
(132, 3),
(132, 4);

-- --------------------------------------------------------

--
-- Table structure for table `sizes`
--

CREATE TABLE IF NOT EXISTS `sizes` (
  `id` int(11) NOT NULL,
  `size` varchar(32) COLLATE utf8_unicode_ci DEFAULT NULL,
  `order` int(11) NOT NULL
) ENGINE=InnoDB AUTO_INCREMENT=5 DEFAULT CHARSET=utf8 COLLATE=utf8_unicode_ci;

--
-- Dumping data for table `sizes`
--

INSERT INTO `sizes` (`id`, `size`, `order`) VALUES
(1, 'Small', 10),
(2, 'Medium', 20),
(3, 'Large', 30),
(4, 'X-Large', 40);

--
-- Indexes for dumped tables
--

--
-- Indexes for table `inventory`
--
ALTER TABLE `inventory`
  ADD KEY `sku` (`sku`),
  ADD KEY `size_id` (`size_id`);

--
-- Indexes for table `orders_details`
--
ALTER TABLE `orders_details`
  ADD PRIMARY KEY (`order_id`),
  ADD KEY `sku` (`sku`);

--
-- Indexes for table `products`
--
ALTER TABLE `products`
  ADD PRIMARY KEY (`sku`);

--
-- Indexes for table `products_sizes`
--
ALTER TABLE `products_sizes`
  ADD KEY `size_id` (`size_id`),
  ADD KEY `product_sku` (`product_sku`);

--
-- Indexes for table `sizes`
--
ALTER TABLE `sizes`
  ADD PRIMARY KEY (`id`);

--
-- AUTO_INCREMENT for dumped tables
--

--
-- AUTO_INCREMENT for table `orders_details`
--
ALTER TABLE `orders_details`
  MODIFY `order_id` int(11) NOT NULL AUTO_INCREMENT,AUTO_INCREMENT=2255;
--
-- AUTO_INCREMENT for table `sizes`
--
ALTER TABLE `sizes`
  MODIFY `id` int(11) NOT NULL AUTO_INCREMENT,AUTO_INCREMENT=5;
--
-- Constraints for dumped tables
--

--
-- Constraints for table `inventory`
--
ALTER TABLE `inventory`
  ADD CONSTRAINT `inventory_ibfk_1` FOREIGN KEY (`sku`) REFERENCES `products` (`sku`),
  ADD CONSTRAINT `inventory_ibfk_2` FOREIGN KEY (`size_id`) REFERENCES `sizes` (`id`);

--
-- Constraints for table `orders_details`
--
ALTER TABLE `orders_details`
  ADD CONSTRAINT `orders_details_ibfk_1` FOREIGN KEY (`sku`) REFERENCES `products` (`sku`);

--
-- Constraints for table `products_sizes`
--
ALTER TABLE `products_sizes`
  ADD CONSTRAINT `products_sizes_ibfk_1` FOREIGN KEY (`size_id`) REFERENCES `sizes` (`id`),
  ADD CONSTRAINT `products_sizes_ibfk_2` FOREIGN KEY (`product_sku`) REFERENCES `products` (`sku`);

/*!40101 SET CHARACTER_SET_CLIENT=@OLD_CHARACTER_SET_CLIENT */;
/*!40101 SET CHARACTER_SET_RESULTS=@OLD_CHARACTER_SET_RESULTS */;
/*!40101 SET COLLATION_CONNECTION=@OLD_COLLATION_CONNECTION */;
